Student ID,Undergrad Degree,Undergrad Grade,MBA Grade,Work Experience,Employability (Before),Employability (After),Status,Annual Salary
1,Business,68.4,90.2,No,252.0,276.0,Placed,111000.0
2,Business,62.1,92.8,No,423.0,410.0,Not Placed,0.0
3,Computer Science,70.2,68.7,Yes,101.0,119.0,Placed,107000.0
4,Engineering,75.1,80.7,No,288.0,334.0,Not Placed,0.0
5,Finance,60.9,74.9,No,248.0,252.0,Not Placed,0.0
6,Computer Science,74.5,80.7,No,145.0,209.0,Not Placed,0.0
7,Finance,76.4,83.3,No,401.0,462.0,Placed,109000.0
8,Business,82.6,88.7,No,287.0,342.0,Placed,148000.0
9,Finance,76.9,75.4,No,275.0,347.0,Placed,255500.0
10,Computer Science,83.3,82.1,No,254.0,313.0,Placed,103500.0
11,Business,75.8,87.5,No,182.0,232.0,Not Placed,0.0
12,Engineering,76.0,66.9,No,117.0,163.0,Placed,114500.0
13,Business,62.8,71.3,No,130.0,119.0,Not Placed,0.0
14,Engineering,82.8,76.8,No,219.0,304.0,Placed,124000.0
15,Business,76.0,72.3,No,152.0,211.0,Placed,132500.0
16,Finance,76.9,72.4,No,228.0,286.0,Placed,99000.0
17,Computer Science,75.8,72.0,Yes,62.0,122.0,Not Placed,0.0
18,Art,78.0,81.0,No,393.0,443.0,Placed,124000.0
19,Business,82.4,96.1,No,277.0,366.0,Not Placed,0.0
20,Computer Science,76.2,76.7,No,206.0,244.0,Not Placed,0.0
21,Business,62.5,80.3,No,229.0,241.0,Not Placed,0.0
22,Art,78.0,77.8,No,182.0,237.0,Placed,82000.0
23,Engineering,66.5,62.6,No,98.0,122.0,Not Placed,0.0
24,Computer Science,63.5,80.2,No,125.0,129.0,Not Placed,0.0
25,Business,82.6,79.1,No,164.0,236.0,Placed,185000.0
26,Computer Science,79.2,77.8,No,186.0,251.0,Placed,89500.0
27,Computer Science,75.0,75.1,No,235.0,283.0,Placed,91500.0
28,Art,74.4,82.2,No,184.0,225.0,Not Placed,0.0
29,Finance,67.9,70.5,No,76.0,102.0,Not Placed,0.0
30,Art,76.8,70.8,No,126.0,180.0,Placed,113500.0
31,Business,83.0,87.5,No,183.0,247.0,Not Placed,0.0
32,Computer Science,88.9,79.5,No,242.0,343.0,Not Placed,0.0
33,Business,76.5,80.8,No,207.0,283.0,Not Placed,0.0
34,Finance,79.9,79.6,Yes,181.0,253.0,Placed,99000.0
35,Business,70.4,88.9,No,239.0,263.0,Not Placed,0.0
36,Art,83.4,85.9,No,216.0,291.0,Placed,75500.0
37,Business,79.2,82.3,Yes,289.0,368.0,Placed,86000.0
38,Engineering,61.2,76.7,No,213.0,206.0,Not Placed,0.0
39,Art,64.0,79.9,No,209.0,231.0,Not Placed,0.0
40,Art,68.0,86.2,Yes,376.0,389.0,Not Placed,0.0
41,Engineering,78.5,79.2,No,332.0,396.0,Placed,156500.0
42,Business,83.0,83.4,Yes,249.0,339.0,Placed,99500.0
43,Finance,75.2,85.2,Yes,228.0,286.0,Placed,148000.0
44,Business,68.1,77.8,No,124.0,146.0,Not Placed,0.0
45,Finance,93.6,80.2,No,194.0,315.0,Placed,82000.0
46,Business,75.6,71.0,Yes,157.0,183.0,Not Placed,0.0
47,Business,82.3,87.2,No,402.0,481.0,Placed,103500.0
48,Business,71.4,82.9,No,323.0,349.0,Not Placed,0.0
49,Engineering,71.9,73.5,No,181.0,225.0,Placed,205500.0
50,Art,79.1,74.6,No,157.0,217.0,Placed,103500.0
51,Business,88.7,75.1,Yes,266.0,353.0,Placed,340000.0
52,Engineering,69.4,85.1,No,268.0,314.0,Not Placed,0.0
53,Business,80.3,74.9,Yes,167.0,247.0,Placed,103500.0
54,Finance,83.0,84.6,Yes,342.0,410.0,Placed,99500.0
55,Business,74.1,81.7,Yes,349.0,395.0,Placed,103000.0
56,Engineering,79.4,81.4,No,340.0,416.0,Placed,103500.0
57,Business,88.1,83.8,Yes,227.0,342.0,Placed,165000.0
58,Computer Science,74.6,88.5,Yes,409.0,446.0,Placed,124500.0
59,Computer Science,87.1,84.9,Yes,400.0,477.0,Placed,103500.0
60,Computer Science,79.7,84.3,No,374.0,444.0,Placed,82500.0
61,Computer Science,82.1,78.2,No,255.0,351.0,Placed,93000.0
62,Finance,70.2,80.0,No,146.0,165.0,Not Placed,0.0
63,Business,81.7,74.8,No,248.0,317.0,Placed,168000.0
64,Computer Science,76.1,78.5,No,198.0,250.0,Placed,96000.0
65,Engineering,65.4,71.8,Yes,210.0,217.0,Not Placed,0.0
66,Engineering,70.1,69.9,Yes,107.0,138.0,Not Placed,0.0
67,Business,75.3,82.7,Yes,239.0,302.0,Placed,80000.0
68,Computer Science,68.7,74.0,No,287.0,311.0,Not Placed,0.0
69,Business,75.7,84.0,Yes,340.0,373.0,Placed,124500.0
70,Computer Science,68.7,84.7,No,155.0,196.0,Not Placed,0.0
71,Engineering,70.4,78.2,Yes,263.0,306.0,Placed,99000.0
72,Engineering,68.3,85.0,Yes,265.0,302.0,Not Placed,0.0
73,Business,71.7,80.1,No,249.0,278.0,Not Placed,0.0
74,Computer Science,70.9,85.3,No,377.0,429.0,Not Placed,0.0
75,Engineering,66.3,79.7,No,301.0,338.0,Placed,124000.0
76,Business,65.3,79.6,No,242.0,261.0,Not Placed,0.0
77,Business,75.7,78.9,No,211.0,256.0,Not Placed,0.0
78,Finance,66.0,78.5,No,160.0,183.0,Placed,91500.0
79,Business,78.9,72.0,No,218.0,274.0,Placed,144500.0
80,Business,74.0,74.2,No,133.0,182.0,Not Placed,0.0
81,Business,74.6,71.7,No,122.0,183.0,Not Placed,0.0
82,Engineering,79.3,80.7,No,236.0,309.0,Placed,114500.0
83,Engineering,70.1,84.1,No,143.0,178.0,Not Placed,0.0
84,Business,88.8,87.4,No,354.0,458.0,Placed,104500.0
85,Business,66.0,77.4,Yes,214.0,234.0,Placed,124000.0
86,Art,82.9,84.7,Yes,225.0,306.0,Placed,113000.0
87,Business,100.0,78.8,No,261.0,400.0,Placed,78000.0
88,Business,75.6,92.7,No,277.0,402.457789,Not Placed,0.0
89,Finance,67.5,88.8,No,282.0,404.915578,Placed,109000.0
90,Computer Science,68.7,86.6,No,322.0,407.373367,Not Placed,0.0
91,Business,76.0,77.9,No,326.0,409.831156,Placed,99500.0
92,Computer Science,67.7,86.1,No,421.0,412.288945,Placed,107000.0
93,Engineering,75.3,89.9,No,368.0,414.746734,Not Placed,0.0
94,Engineering,68.1,83.1,No,279.0,417.204523,Placed,84000.0
95,Finance,63.3,82.6,No,268.0,419.662312,Not Placed,0.0
96,Business,68.4,64.98,Yes,261.272959183673,422.120101,Placed,98650.0
97,Computer Science,62.1,58.995,No,261.187551020408,424.57789,Placed,107000.0
98,Engineering,70.2,66.69,No,261.102142857143,427.035679,Not Placed,0.0
99,Finance,75.1,71.34499999999998,No,261.016734693878,429.493468,Placed,102150.0
100,Art,60.9,57.855,No,260.931326530612,431.951257,Not Placed,0.0
101,Business,74.5,70.77499999999999,No,260.845918367347,434.409046,Placed,109000.0
102,Computer Science,76.4,72.58,No,260.760510204082,436.866835,Placed,148000.0
103,Engineering,82.6,78.46999999999998,No,260.675102040816,439.324624,Not Placed,0.0
104,Finance,76.9,73.055,No,260.589693877551,441.782413,Placed,103500.0
105,Art,83.3,79.13499999999999,No,260.504285714286,444.240202,Not Placed,0.0
106,Business,75.8,72.00999999999999,Yes,260.41887755102,446.697991,Placed,114500.0
107,Computer Science,76.0,72.2,No,260.333469387755,449.15578,Placed,60000.0
108,Engineering,62.8,59.66,No,260.24806122449,451.613569,Not Placed,0.0
109,Finance,82.8,78.66,No,260.162653061224,454.07135800000003,Placed,132500.0
110,Art,78.0,74.1,No,260.077244897959,456.529147,Not Placed,0.0
111,Business,82.4,78.28,No,259.991836734694,458.986936,Placed,85600.0
112,Computer Science,76.2,72.39,No,259.906428571429,461.444725,Placed,124000.0
113,Engineering,62.5,59.375,No,259.821020408163,463.902514,Not Placed,0.0
114,Finance,66.5,63.175,No,259.735612244898,466.360303,Placed,45900.0
115,Art,63.5,60.324999999999996,No,259.650204081633,468.818092,Not Placed,0.0
116,Business,79.2,75.24,Yes,259.564795918367,471.275881,Placed,82000.0
117,Computer Science,75.0,71.25,No,259.479387755102,473.73367,Placed,63780.0
118,Engineering,74.4,70.68,No,259.393979591837,476.191459,Not Placed,0.0
119,Finance,67.9,64.505,No,259.308571428571,478.649248,Placed,185000.0
120,Art,76.8,72.96,No,259.223163265306,481.107037,Not Placed,0.0
121,Business,83.0,78.85,No,259.137755102041,483.564826,Placed,91500.0
122,Computer Science,88.9,84.455,No,259.052346938775,486.022615,Placed,87500.0
123,Engineering,76.5,72.675,No,258.96693877551,488.480404,Not Placed,0.0
124,Finance,79.9,75.905,No,258.881530612245,490.938193,Placed,113500.0
125,Art,70.4,66.88,No,258.79612244898,493.395982,Not Placed,0.0
126,Business,83.4,79.23,Yes,258.710714285714,495.853771,Placed,71200.0
127,Computer Science,61.2,58.14,No,258.625306122449,498.31156,Placed,89280.0
128,Engineering,64.0,60.8,No,258.539897959184,500.76934900000003,Not Placed,0.0
129,Finance,68.0,64.6,No,258.454489795918,503.22713799999997,Placed,76900.0
130,Art,78.5,74.575,No,258.369081632653,505.684927,Not Placed,0.0
131,Business,75.2,71.44,No,258.283673469388,508.142716,Placed,86000.0
132,Computer Science,68.1,64.695,No,258.198265306122,510.600505,Placed,91450.0
133,Engineering,93.6,88.91999999999999,No,258.112857142857,513.058294,Not Placed,0.0
134,Finance,75.6,71.82,No,258.027448979592,515.516083,Placed,131690.0
135,Art,82.3,78.18499999999999,No,257.942040816326,517.973872,Not Placed,0.0
136,Business,71.4,67.83,Yes,257.856632653061,520.431661,Placed,99500.0
137,Computer Science,71.9,68.305,No,257.771224489796,522.88945,Placed,148000.0
138,Engineering,79.1,75.145,No,257.685816326531,525.347239,Not Placed,0.0
139,Finance,88.7,84.265,No,257.600408163265,527.805028,Placed,82000.0
140,Art,69.4,65.93,No,257.515,530.262817,Not Placed,0.0
141,Business,80.3,76.285,No,257.429591836735,532.720606,Placed,103500.0
142,Computer Science,74.1,70.395,No,257.344183673469,535.178395,Placed,81800.0
143,Engineering,79.4,75.43,No,257.258775510204,537.636184,Not Placed,0.0
144,Finance,88.1,83.695,No,257.173367346939,540.093973,Placed,103500.0
145,Art,74.6,70.86999999999999,No,257.087959183673,542.551762,Not Placed,0.0
146,Business,87.1,82.74499999999999,Yes,257.002551020408,545.009551,Placed,123000.0
147,Computer Science,79.7,75.715,No,256.917142857143,547.46734,Placed,103500.0
148,Engineering,82.1,77.99499999999999,No,256.831734693877,549.925129,Not Placed,0.0
149,Finance,81.7,77.615,No,256.746326530612,552.382918,Placed,103000.0
150,Art,76.1,72.29499999999999,No,256.660918367347,554.8407070000001,Not Placed,0.0
151,Business,65.4,62.13,No,256.575510204082,557.298496,Placed,165000.0
152,Computer Science,70.1,66.59499999999998,No,256.490102040816,559.7562849999999,Placed,124500.0
153,Engineering,75.3,71.535,No,256.404693877551,562.214074,Not Placed,0.0
154,Finance,68.7,65.265,No,256.319285714286,564.671863,Placed,82500.0
155,Art,75.7,71.915,No,256.23387755102,567.129652,Not Placed,0.0
156,Business,68.3,64.88499999999999,Yes,256.148469387755,569.587441,Placed,20000.0
157,Computer Science,71.7,68.115,No,256.06306122449,572.04523,Placed,168000.0
158,Engineering,70.9,67.355,No,255.977653061224,574.503019,Not Placed,0.0
159,Finance,66.3,62.98499999999999,No,255.892244897959,576.960808,Placed,38000.0
160,Art,65.3,62.035,No,255.806836734694,579.418597,Not Placed,0.0
161,Business,66.0,62.699999999999996,No,255.721428571429,581.876386,Placed,80000.0
162,Computer Science,78.9,74.955,No,255.636020408163,584.334175,Placed,56000.0
163,Engineering,74.0,70.3,No,255.550612244898,586.791964,Not Placed,0.0
164,Finance,79.3,75.335,No,255.465204081633,589.249753,Placed,86000.0
165,Art,88.8,84.36,No,255.379795918367,591.707542,Not Placed,0.0
166,Business,82.9,78.755,Yes,255.294387755102,594.165331,Placed,59000.0
167,Computer Science,100.0,95.0,No,255.208979591837,596.62312,Placed,96500.0
168,Engineering,67.5,64.125,No,255.123571428571,599.080909,Not Placed,0.0
169,Finance,68.5,65.075,No,255.038163265306,601.5386980000001,Placed,124000.0
170,Art,69.5,66.02499999999999,No,254.952755102041,603.996487,Not Placed,0.0
171,Business,70.5,66.975,No,254.867346938775,606.4542759999999,Placed,38000.0
172,Computer Science,71.5,67.925,No,254.78193877551,608.912065,Placed,91500.0
173,Engineering,72.5,68.875,No,254.696530612245,611.369854,Not Placed,0.0
174,Finance,73.5,69.825,No,254.61112244898,613.827643,Placed,100500.0
175,Art,74.5,70.77499999999999,No,254.525714285714,616.285432,Not Placed,0.0
176,Business,75.5,71.725,Yes,254.440306122449,618.743221,Placed,114500.0
177,Computer Science,76.5,72.675,No,254.354897959184,621.20101,Placed,100500.0
178,Engineering,77.5,73.625,No,254.269489795918,623.658799,Not Placed,0.0
179,Finance,78.5,74.575,No,254.184081632653,626.116588,Placed,124000.0
180,Art,79.5,75.52499999999999,No,254.098673469388,628.574377,Not Placed,0.0
181,Business,80.5,76.475,No,254.013265306122,631.032166,Placed,78000.0
182,Computer Science,81.5,77.425,No,253.927857142857,633.489955,Placed,100500.0
183,Engineering,82.5,78.375,No,253.842448979592,635.9477440000001,Not Placed,0.0
184,Finance,83.5,79.325,No,253.757040816326,638.405533,Placed,100500.0
185,Art,84.5,80.27499999999999,No,253.671632653061,640.863322,Not Placed,0.0
186,Business,85.5,81.225,Yes,253.586224489796,643.321111,Placed,107000.0
187,Computer Science,86.5,82.175,No,253.500816326531,645.7789,Placed,100500.0
188,Engineering,87.5,83.125,No,253.415408163265,648.2366890000001,Not Placed,0.0
189,Finance,88.5,84.075,No,253.33,650.694478,Placed,163666.66666666666
190,Art,89.5,85.02499999999999,No,253.24459183673466,653.1522669999999,Not Placed,0.0
191,Business,10.0,9.5,No,253.15918367346933,655.610056,Placed,100500.0
192,Computer Science,15.0,14.25,No,253.07377551020403,658.067845,Placed,159666.66666666666
193,Engineering,20.0,19.0,No,252.98836734693873,660.5256340000001,Not Placed,0.0
194,Finance,25.5,24.224999999999998,No,252.90295918367343,662.983423,Placed,100500.0
195,Art,30.0,28.5,No,252.81755102040813,665.441212,Not Placed,0.0
196,Business,35.0,33.25,Yes,252.7321428571428,667.899001,Placed,162333.33333333334
197,Computer Science,40.0,38.0,No,252.6467346938775,670.35679,Placed,214333.33333333334
198,Engineering,45.5,43.225,No,252.5613265306122,672.814579,Not Placed,0.0
199,Finance,50.0,47.5,No,252.47591836734688,675.272368,Placed,155000.0
200,Art,55.0,52.25,No,252.39051020408158,677.730157,Not Placed,0.0
201,Business,60.5,57.474999999999994,No,252.30510204081628,680.187946,Placed,169666.66666666666
202,Computer Science,65.0,61.75,No,252.21969387755098,682.6457350000001,Placed,100500.0
203,Engineering,70.0,66.5,No,252.13428571428568,685.103524,Not Placed,0.0
204,Finance,75.0,71.25,No,252.04887755102035,687.5613129999999,Placed,193666.66666666666
205,Art,80.0,76.0,No,251.963469387755,690.019102,Not Placed,0.0
206,Business,85.0,80.75,Yes,251.87806122449,692.476891,Placed,100500.0
207,Computer Science,90.0,85.5,No,251.792653061224,694.9346800000001,Placed,182333.33333333334
208,Engineering,95.8,91.00999999999999,No,251.707244897959,697.392469,Not Placed,0.0
209,Finance,13.0,12.35,No,251.621836734694,102.0,Placed,100500.0
210,Art,26.0,24.7,No,251.536428571429,105.3,Not Placed,0.0
211,Business,39.0,37.05,No,251.451020408163,108.6,Placed,126333.33333333333
212,Computer Science,52.1,49.495,No,251.365612244898,111.9,Placed,100500.0
213,Engineering,65.0,61.75,No,251.280204081633,115.2,Not Placed,0.0
214,Finance,78.0,74.1,No,251.194795918367,118.5,Placed,263666.6666666666
215,Art,91.4,86.83,No,251.109387755102,121.8,Not Placed,0.0
216,Business,26.0,24.7,Yes,251.023979591837,125.1,Placed,139000.0
217,Computer Science,27.5,26.125,No,250.938571428571,128.4,Placed,100500.0
218,Engineering,29.0,27.549999999999997,No,250.853163265306,131.7,Not Placed,0.0
219,Finance,30.5,28.974999999999998,No,250.767755102041,135.0,Placed,168333.33333333334
220,Art,32.0,30.4,No,250.682346938775,138.3,Not Placed,0.0
221,Business,33.5,31.825,No,250.59693877551,141.6,Placed,100500.0
222,Computer Science,35.0,33.25,No,250.511530612245,144.9,Placed,100500.0
223,Engineering,36.5,34.675,No,250.426122448979,148.2,Not Placed,0.0
224,Finance,38.0,36.1,No,250.340714285714,151.5,Placed,100500.0
225,Art,39.5,37.525,No,250.255306122449,154.8,Not Placed,0.0
226,Business,41.0,38.949999999999996,Yes,250.169897959184,158.1,Placed,131666.6666666667
227,Computer Science,42.5,40.375,No,250.084489795918,161.4,Placed,100500.0
228,Engineering,44.0,41.8,No,249.999081632653,164.7,Not Placed,0.0
229,Finance,45.5,43.225,No,249.913673469388,168.0,Placed,100500.0
230,Art,47.0,44.65,No,249.828265306122,171.3,Not Placed,0.0
231,Business,48.5,46.074999999999996,No,249.742857142857,174.6,Placed,149666.66666666666
232,Computer Science,50.0,47.5,No,249.657448979592,177.89999999999998,Placed,214333.33333333334
233,Engineering,51.5,48.925,No,249.572040816326,181.2,Not Placed,0.0
234,Finance,53.0,50.349999999999994,No,249.486632653061,184.5,Placed,126333.33333333333
235,Art,54.5,51.775,No,249.401224489796,187.8,Not Placed,0.0
236,Business,56.0,53.199999999999996,Yes,249.31581632653,191.1,Placed,155000.0
237,Computer Science,57.5,54.625,No,249.230408163265,194.39999999999998,Placed,100500.0
238,Engineering,59.0,56.05,No,249.145,197.7,Not Placed,0.0
239,Finance,60.5,57.474999999999994,No,249.059591836735,201.0,Placed,155000.0
240,Art,62.0,58.9,No,248.974183673469,204.3,Not Placed,0.0
241,Business,63.5,60.324999999999996,No,248.888775510204,207.6,Placed,100500.0
242,Computer Science,65.0,61.75,No,248.803367346939,210.89999999999998,Placed,155000.0
243,Engineering,66.5,63.175,No,248.717959183673,214.2,Not Placed,0.0
244,Finance,68.0,64.6,No,248.632551020408,217.5,Placed,154333.33333333334
245,Art,69.5,66.02499999999999,No,248.547142857143,220.8,Not Placed,0.0
246,Business,71.0,67.45,Yes,248.461734693878,224.1,Placed,237000.0
247,Computer Science,72.5,68.875,No,248.376326530612,227.39999999999998,Placed,183000.0
248,Engineering,74.0,70.3,No,248.290918367347,230.7,Not Placed,0.0
249,Finance,75.5,71.725,No,248.205510204081,234.0,Placed,127000.0
250,Art,77.0,73.14999999999999,No,248.120102040816,237.29999999999998,Not Placed,0.0
251,Business,78.5,74.575,No,248.034693877551,240.6,Placed,100500.0
252,Computer Science,80.0,76.0,No,247.949285714286,243.9,Placed,241000.0
253,Engineering,81.5,77.425,No,247.86387755102,247.2,Not Placed,0.0
254,Finance,83.0,78.85,No,247.778469387755,250.5,Placed,100500.0
255,Art,84.5,80.27499999999999,No,247.69306122449,253.79999999999998,Not Placed,0.0
256,Business,86.0,81.7,Yes,247.607653061224,257.1,Placed,123666.66666666667
257,Computer Science,87.5,83.125,No,247.522244897959,260.4,Placed,100500.0
258,Engineering,89.0,84.55,No,247.436836734694,263.7,Not Placed,0.0
259,Finance,90.5,85.975,No,247.351428571428,267.0,Placed,100500.0
260,Art,92.0,87.39999999999999,No,247.266020408163,270.29999999999995,Not Placed,0.0
261,Business,93.5,88.825,No,247.180612244898,273.6,Placed,100500.0
262,Computer Science,95.0,90.25,No,247.095204081632,276.9,Placed,100500.0
263,Engineering,96.5,91.675,No,247.009795918367,280.2,Not Placed,0.0
264,Finance,98.0,93.1,No,246.924387755102,283.5,Placed,182333.33333333334
265,Art,99.5,94.52499999999999,No,246.838979591837,286.79999999999995,Not Placed,0.0
266,Business,11.1,10.545,Yes,246.753571428571,290.1,Placed,100500.0
267,Computer Science,11.8,11.21,No,246.668163265306,293.4,Placed,139000.0
268,Engineering,12.5,11.875,No,246.582755102041,296.7,Not Placed,0.0
269,Finance,13.200000000000001,12.540000000000001,No,246.497346938775,300.0,Placed,100500.0
270,Art,13.9,13.205,No,246.41193877551,303.29999999999995,Not Placed,0.0
271,Business,14.600000000000001,13.870000000000001,No,246.326530612245,306.6,Placed,169666.66666666666
272,Computer Science,15.3,14.535,No,246.241122448979,309.9,Placed,100500.0
273,Engineering,16.0,15.2,No,246.155714285714,313.2,Not Placed,0.0
274,Finance,16.7,15.864999999999998,No,246.070306122449,316.5,Placed,182333.33333333334
275,Art,17.4,16.529999999999998,No,245.984897959184,319.79999999999995,Not Placed,0.0
276,Business,18.1,17.195,Yes,245.899489795918,323.1,Placed,121000.0
277,Computer Science,18.8,17.86,No,245.814081632653,326.4,Placed,100500.0
278,Engineering,19.5,18.525,No,245.728673469388,329.7,Not Placed,0.0
279,Finance,20.2,19.189999999999998,No,245.643265306122,333.0,Placed,100500.0
280,Art,20.9,19.854999999999997,No,245.557857142857,336.29999999999995,Not Placed,0.0
281,Business,21.6,20.52,No,245.472448979592,339.6,Placed,159666.66666666666
282,Computer Science,22.3,21.185,No,245.387040816326,342.9,Placed,100500.0
283,Engineering,23.0,21.849999999999998,No,245.301632653061,346.2,Not Placed,0.0
284,Finance,23.7,22.514999999999997,No,245.216224489796,349.5,Placed,156333.33333333334
285,Art,24.4,23.179999999999996,No,245.13081632653,352.79999999999995,Not Placed,0.0
286,Business,25.1,23.845,Yes,245.045408163265,356.1,Placed,167666.66666666666
287,Computer Science,25.8,24.509999999999998,No,244.96,359.4,Placed,121000.0
288,Engineering,26.5,25.174999999999997,No,244.874591836735,362.7,Not Placed,0.0
289,Finance,27.2,25.84,No,244.789183673469,366.0,Placed,162333.33333333334
290,Art,27.9,26.505,No,244.703775510204,369.3,Not Placed,0.0
291,Business,28.599999999999998,27.169999999999998,No,244.618367346939,372.59999999999997,Placed,149666.66666666666
292,Computer Science,29.3,27.835,No,244.532959183673,375.9,Placed,159666.66666666666
293,Engineering,30.0,28.5,No,244.447551020408,379.2,Not Placed,0.0
294,Finance,30.7,29.165,No,244.362142857143,382.5,Placed,129000.0
295,Art,31.4,29.83,No,244.276734693877,385.8,Not Placed,0.0
296,Business,32.099999999999994,30.494999999999994,Yes,244.191326530612,389.09999999999997,Placed,357666.6666666667
297,Computer Science,32.8,31.159999999999997,No,244.105918367347,392.4,Placed,155000.0
298,Engineering,33.5,31.825,No,244.020510204081,395.7,Not Placed,0.0
299,Finance,34.2,32.49,No,243.935102040816,399.0,Placed,169666.66666666666
300,Art,34.9,33.154999999999994,No,243.849693877551,402.3,Not Placed,0.0
301,Business,35.599999999999994,33.81999999999999,No,243.764285714286,405.59999999999997,Placed,182333.33333333334
302,Computer Science,36.3,34.48499999999999,No,243.67887755102,408.9,Placed,193666.66666666666
303,Engineering,37.0,35.15,No,243.593469387755,412.2,Not Placed,0.0
304,Finance,37.7,35.815,No,243.50806122449,415.5,Placed,100500.0
305,Art,38.4,36.48,No,243.422653061224,418.79999999999995,Not Placed,0.0
306,Business,39.099999999999994,37.144999999999996,Yes,243.337244897959,98.0,Placed,100500.0
307,Computer Science,39.8,37.809999999999995,No,243.251836734694,99.1,Placed,100500.0
308,Engineering,40.5,38.475,No,243.166428571428,100.2,Not Placed,0.0
309,Finance,41.2,39.14,No,243.081020408163,101.3,Placed,126333.33333333333
310,Art,41.9,39.805,No,242.995612244898,102.4,Not Placed,0.0
311,Business,42.599999999999994,40.46999999999999,No,242.910204081632,103.5,Placed,100500.0
312,Computer Science,43.3,41.135,No,242.824795918367,104.6,Placed,263666.6666666666
313,Engineering,44.0,41.8,No,242.739387755102,105.7,Not Placed,0.0
314,Finance,44.7,42.465,No,242.653979591837,106.8,Placed,139000.0
315,Art,45.39999999999999,43.12999999999999,No,242.568571428571,107.9,Not Placed,0.0
316,Business,46.099999999999994,43.794999999999995,Yes,242.483163265306,109.0,Placed,100500.0
317,Computer Science,46.8,44.459999999999994,No,242.397755102041,110.1,Placed,168333.33333333334
318,Engineering,47.5,45.125,No,242.312346938775,111.2,Not Placed,0.0
319,Finance,48.2,45.79,No,242.22693877551,112.3,Placed,100500.0
320,Art,48.89999999999999,46.45499999999999,No,242.141530612245,113.4,Not Placed,0.0
321,Business,49.599999999999994,47.11999999999999,No,242.056122448979,114.5,Placed,149000.0
322,Computer Science,50.3,47.785,No,241.970714285714,115.6,Placed,100500.0
323,Engineering,51.0,48.449999999999996,No,241.885306122449,116.7,Not Placed,0.0
324,Finance,51.7,49.115,No,241.799897959183,117.8,Placed,131666.6666666667
325,Art,52.39999999999999,49.77999999999999,No,241.714489795918,118.9,Not Placed,0.0
326,Business,53.099999999999994,50.44499999999999,Yes,241.629081632653,120.0,Placed,100500.0
327,Computer Science,53.8,51.10999999999999,No,241.543673469388,121.1,Placed,100500.0
328,Engineering,54.5,51.775,No,241.458265306122,122.2,Not Placed,0.0
329,Finance,55.2,52.44,No,241.372857142857,123.3,Placed,149666.66666666666
330,Art,55.89999999999999,53.10499999999999,No,241.287448979592,124.4,Not Placed,0.0
331,Business,56.599999999999994,53.76999999999999,No,241.202040816326,125.5,Placed,100500.0
332,Computer Science,57.3,54.434999999999995,No,241.116632653061,126.6,Placed,126333.33333333333
333,Engineering,58.0,55.099999999999994,No,241.031224489796,127.7,Not Placed,0.0
334,Finance,58.7,55.765,No,240.94581632653,128.8,Placed,155000.0
335,Art,59.39999999999999,56.42999999999999,No,240.860408163265,129.9,Not Placed,0.0
336,Business,60.099999999999994,57.09499999999999,Yes,240.775,131.0,Placed,291000.0
337,Computer Science,60.8,57.76,No,240.689591836735,132.1,Placed,155000.0
338,Engineering,61.5,58.425,No,240.604183673469,133.2,Not Placed,0.0
339,Finance,62.2,59.09,No,240.518775510204,134.3,Placed,100500.0
340,Art,62.89999999999999,59.75499999999999,No,240.433367346939,135.4,Not Placed,0.0
341,Business,63.599999999999994,60.419999999999995,No,240.347959183673,136.5,Placed,149666.66666666666
342,Computer Science,64.3,61.084999999999994,No,240.262551020408,137.6,Placed,154333.33333333334
343,Engineering,65.0,61.75,No,240.177142857143,138.7,Not Placed,0.0
344,Finance,65.7,62.415,No,240.091734693877,139.8,Placed,237000.0
345,Art,66.39999999999999,63.07999999999999,No,240.006326530612,140.9,Not Placed,0.0
346,Business,67.1,63.74499999999999,Yes,239.920918367347,142.0,Placed,155000.0
347,Computer Science,67.8,64.41,No,239.835510204081,143.1,Placed,127000.0
348,Engineering,68.5,65.075,No,239.750102040816,144.2,Not Placed,0.0
349,Finance,69.2,65.74,No,239.664693877551,145.3,Placed,100500.0
350,Art,69.89999999999999,66.40499999999999,No,239.579285714286,146.4,Not Placed,0.0
351,Business,70.6,67.07,No,239.49387755102,147.5,Placed,145000.0
352,Computer Science,71.3,67.735,No,239.408469387755,148.6,Placed,100500.0
353,Engineering,72.0,68.39999999999999,No,239.32306122449,149.7,Not Placed,0.0
354,Finance,72.7,69.065,No,239.237653061224,150.8,Placed,123666.66666666667
355,Art,73.39999999999999,69.72999999999999,No,239.152244897959,151.9,Not Placed,0.0
356,Business,74.1,70.395,Yes,239.066836734694,153.0,Placed,183000.0
357,Computer Science,74.8,71.05999999999999,No,238.981428571428,154.1,Placed,100500.0
358,Engineering,75.5,71.725,No,238.896020408163,155.2,Not Placed,0.0
359,Finance,76.19999999999999,72.38999999999999,No,238.810612244898,156.3,Placed,100500.0
360,Art,76.89999999999999,73.05499999999999,No,238.725204081632,157.4,Not Placed,0.0
361,Business,77.6,73.71999999999998,No,238.639795918367,158.5,Placed,100500.0
362,Computer Science,78.3,74.38499999999999,No,238.554387755102,159.60000000000002,Placed,182333.33333333334
363,Engineering,78.99999999999999,75.04999999999998,No,238.468979591837,160.7,Not Placed,0.0
364,Finance,79.69999999999999,75.71499999999999,No,238.383571428571,161.8,Placed,100500.0
365,Art,80.39999999999999,76.37999999999998,No,238.298163265306,162.9,Not Placed,0.0
366,Business,81.1,77.04499999999999,Yes,238.212755102041,164.0,Placed,209666.66666666666
367,Computer Science,81.8,77.71,No,238.127346938775,165.10000000000002,Placed,100500.0
368,Engineering,82.49999999999999,78.37499999999999,No,238.04193877551,166.2,Not Placed,0.0
369,Finance,83.19999999999999,79.03999999999999,No,237.956530612245,167.3,Placed,169666.66666666666
370,Art,83.89999999999999,79.70499999999998,No,237.871122448979,168.4,Not Placed,0.0
371,Business,84.6,80.36999999999999,No,237.785714285714,169.5,Placed,156333.33333333334
372,Computer Science,85.3,81.035,No,237.700306122449,170.60000000000002,Placed,182333.33333333334
373,Engineering,85.99999999999999,81.69999999999999,No,237.614897959184,171.7,Not Placed,0.0
374,Finance,86.69999999999999,82.36499999999998,No,237.529489795918,172.8,Placed,121000.0
375,Art,87.39999999999999,83.02999999999999,No,237.444081632653,173.9,Not Placed,0.0
376,Business,88.1,83.695,Yes,237.358673469388,175.0,Placed,162333.33333333334
377,Computer Science,88.8,84.36,No,237.273265306122,176.10000000000002,Placed,100500.0
378,Engineering,89.49999999999999,85.02499999999998,No,237.187857142857,177.2,Not Placed,0.0
379,Finance,40.0,38.0,No,237.102448979592,178.3,Placed,159666.66666666666
380,Art,41.3,39.23499999999999,No,237.017040816326,179.4,Not Placed,0.0
381,Business,42.6,40.47,No,236.931632653061,180.5,Placed,129000.0
382,Computer Science,43.9,41.705,No,236.846224489796,181.60000000000002,Placed,156333.33333333334
383,Engineering,45.2,42.94,No,236.76081632653,182.7,Not Placed,0.0
384,Finance,46.5,44.175,No,236.675408163265,183.8,Placed,167666.66666666666
385,Art,47.8,45.41,No,236.59,184.9,Not Placed,0.0
386,Business,49.1,46.644999999999996,Yes,236.504591836735,186.0,Placed,100500.0
387,Computer Science,50.4,47.879999999999995,No,236.419183673469,187.10000000000002,Placed,162333.33333333334
388,Engineering,51.7,49.115,No,236.333775510204,188.2,Not Placed,0.0
389,Finance,53.0,50.349999999999994,No,236.248367346939,189.3,Placed,149666.66666666666
390,Art,54.3,51.584999999999994,No,236.162959183673,190.4,Not Placed,0.0
391,Business,55.6,52.82,No,236.077551020408,191.5,Placed,100500.0
392,Computer Science,56.900000000000006,54.055,No,235.992142857143,192.60000000000002,Placed,129000.0
393,Engineering,58.2,55.29,No,235.906734693877,193.7,Not Placed,0.0
394,Finance,59.5,56.525,No,235.821326530612,194.8,Placed,214333.33333333334
395,Art,60.8,57.76,No,235.735918367347,195.9,Not Placed,0.0
396,Business,62.1,58.995,Yes,235.650510204081,197.0,Placed,155000.0
397,Computer Science,63.400000000000006,60.230000000000004,No,235.565102040816,198.10000000000002,Placed,100500.0
398,Engineering,64.7,61.464999999999996,No,235.479693877551,199.2,Not Placed,0.0
399,Finance,66.0,62.699999999999996,No,235.394285714286,200.3,Placed,100500.0
400,Art,67.3,63.934999999999995,No,235.30887755102,201.4,Not Placed,0.0
401,Business,68.6,65.16999999999999,No,235.223469387755,202.5,Placed,193666.66666666666
402,Computer Science,69.9,66.405,No,235.13806122449,203.60000000000002,Placed,149000.0
403,Engineering,71.2,67.64,No,235.052653061224,204.7,Not Placed,0.0
404,Finance,72.5,68.875,No,234.967244897959,205.8,Placed,182333.33333333334
405,Art,73.7999999999999,70.1099999999999,No,234.881836734694,206.9,Not Placed,0.0
406,Business,75.0999999999999,71.3449999999999,Yes,234.796428571428,208.0,Placed,100500.0
407,Computer Science,76.3999999999999,72.57999999999991,No,234.711020408163,209.10000000000002,Placed,100500.0
408,Engineering,77.6999999999999,73.8149999999999,No,234.625612244898,210.2,Not Placed,0.0
409,Finance,78.9999999999999,75.0499999999999,No,234.540204081632,211.3,Placed,100500.0
410,Art,80.2999999999999,76.2849999999999,No,234.454795918367,212.4,Not Placed,0.0
411,Business,81.5999999999999,77.5199999999999,No,234.369387755102,213.5,Placed,263666.6666666666
412,Computer Science,82.8999999999999,78.75499999999991,No,234.283979591836,214.60000000000002,Placed,136333.3333333333
413,Engineering,84.1999999999999,79.98999999999991,No,234.198571428571,215.7,Not Placed,0.0
414,Finance,85.4999999999999,81.2249999999999,No,234.113163265306,216.8,Placed,100500.0
415,Art,86.7999999999999,82.4599999999999,No,234.027755102041,217.9,Not Placed,0.0
416,Business,88.0999999999999,83.6949999999999,Yes,233.942346938775,219.0,Placed,168333.33333333334
417,Computer Science,89.3999999999999,84.92999999999991,No,233.85693877551,220.10000000000002,Placed,100500.0
418,Engineering,90.6999999999999,86.1649999999999,No,233.771530612245,221.20000000000002,Not Placed,0.0
419,Finance,91.9999999999999,87.3999999999999,No,233.686122448979,222.3,Placed,100500.0
420,Art,93.2999999999999,88.6349999999999,No,233.600714285714,223.4,Not Placed,0.0
421,Business,94.5999999999999,89.86999999999989,No,233.515306122449,224.5,Placed,100500.0
422,Computer Science,95.8999999999999,91.1049999999999,No,233.429897959184,225.60000000000002,Placed,117666.66666666667
423,Engineering,97.1999999999999,92.3399999999999,No,233.344489795918,226.70000000000002,Not Placed,0.0
424,Finance,98.4999999999999,93.5749999999999,No,233.259081632653,227.8,Placed,100500.0
425,Art,99.7999999999999,94.8099999999999,No,233.173673469387,228.9,Not Placed,0.0
426,Business,56.910000000000004,0.0,Yes,233.088265306122,230.0,Placed,100500.0
427,Computer Science,56.910000000000004,0.0,No,233.002857142857,231.10000000000002,Placed,225666.66666666666
428,Engineering,56.910000000000004,0.0,No,232.917448979592,232.20000000000002,Not Placed,0.0
429,Finance,14.5,13.774999999999999,No,232.832040816326,233.3,Placed,214333.33333333334
430,Art,14.8,14.06,No,232.746632653061,234.4,Not Placed,0.0
431,Business,15.1,14.344999999999999,No,232.661224489796,235.5,Placed,126333.33333333333
432,Computer Science,15.4,14.629999999999999,No,232.57581632653,236.60000000000002,Placed,100500.0
433,Engineering,15.7,14.915,No,232.490408163265,237.70000000000002,Not Placed,0.0
434,Finance,16.0,15.2,No,232.405,238.8,Placed,100500.0
435,Art,16.3,15.485,No,232.319591836735,239.9,Not Placed,0.0
436,Business,16.6,15.770000000000001,Yes,232.234183673469,241.0,Placed,155000.0
437,Computer Science,16.9,16.054999999999996,No,232.148775510204,242.10000000000002,Placed,470333.3333333333
438,Engineering,17.2,16.34,No,232.063367346938,243.20000000000002,Not Placed,0.0
439,Finance,17.5,16.625,No,231.977959183673,244.3,Placed,155000.0
440,Art,17.8,16.91,No,231.892551020408,245.4,Not Placed,0.0
441,Business,18.1,17.195,No,231.807142857143,246.5,Placed,154333.33333333334
442,Computer Science,18.4,17.479999999999997,No,231.721734693877,247.60000000000002,Placed,155000.0
443,Engineering,18.7,17.764999999999997,No,231.636326530612,248.70000000000002,Not Placed,0.0
444,Finance,19.0,18.05,No,231.550918367347,249.8,Placed,183000.0
445,Art,19.3,18.335,No,231.465510204081,250.9,Not Placed,0.0
446,Business,19.6,18.62,Yes,231.380102040816,252.0,Placed,127000.0
447,Computer Science,19.9,18.904999999999998,No,231.294693877551,253.10000000000002,Placed,141000.0
448,Engineering,20.2,19.189999999999998,No,231.209285714285,254.20000000000002,Not Placed,0.0
449,Finance,20.5,19.474999999999998,No,231.12387755102,255.3,Placed,241000.0
450,Art,20.8,19.759999999999998,No,231.038469387755,256.4,Not Placed,0.0
451,Business,21.1,20.045,No,230.95306122449,257.5,Placed,100500.0
452,Computer Science,21.4,20.33,No,230.867653061224,258.6,Placed,100500.0
453,Engineering,21.7,20.615,No,230.782244897959,259.70000000000005,Not Placed,0.0
454,Finance,22.0,20.9,No,230.696836734694,260.8,Placed,100500.0
455,Art,22.3,21.185,No,230.611428571428,261.9,Not Placed,0.0
456,Business,22.6,21.47,Yes,230.526020408163,263.0,Placed,100500.0
457,Computer Science,22.9,21.755,No,230.440612244898,264.1,Placed,149000.0
458,Engineering,23.2,22.04,No,230.355204081632,265.20000000000005,Not Placed,0.0
459,Finance,23.5,22.325,No,230.269795918367,266.3,Placed,100500.0
460,Art,23.799999999999997,22.609999999999996,No,230.184387755102,267.4,Not Placed,0.0
461,Business,24.1,22.895,No,230.098979591836,268.5,Placed,182333.33333333334
462,Computer Science,24.4,23.179999999999996,No,230.013571428571,269.6,Placed,100500.0
463,Engineering,24.7,23.465,No,229.928163265306,270.70000000000005,Not Placed,0.0
464,Finance,25.0,23.75,No,229.842755102041,271.8,Placed,139000.0
465,Art,25.299999999999997,24.034999999999997,No,229.757346938775,272.9,Not Placed,0.0
466,Business,25.6,24.32,Yes,229.67193877551,274.0,Placed,100500.0
467,Computer Science,25.9,24.604999999999997,No,229.586530612245,275.1,Placed,100500.0
468,Engineering,26.2,24.889999999999997,No,229.501122448979,276.20000000000005,Not Placed,0.0
469,Finance,26.5,25.174999999999997,No,229.415714285714,277.3,Placed,100500.0
470,Art,26.799999999999997,25.459999999999997,No,229.330306122449,278.4,Not Placed,0.0
471,Business,27.1,25.745,No,229.244897959183,279.5,Placed,182333.33333333334
472,Computer Science,27.4,26.029999999999998,No,229.159489795918,280.6,Placed,167666.66666666666
473,Engineering,27.7,26.314999999999998,No,229.074081632653,281.70000000000005,Not Placed,0.0
474,Finance,28.0,26.599999999999998,No,228.988673469387,282.8,Placed,100500.0
475,Art,28.299999999999997,26.884999999999994,No,228.903265306122,283.9,Not Placed,0.0
476,Business,28.6,27.17,Yes,228.817857142857,285.0,Placed,100500.0
477,Computer Science,28.9,27.455,No,228.732448979592,286.1,Placed,149666.66666666666
478,Engineering,29.2,27.74,No,228.647040816326,287.20000000000005,Not Placed,0.0
479,Finance,29.5,28.025,No,228.561632653061,288.3,Placed,100500.0
480,Art,29.799999999999997,28.309999999999995,No,228.476224489796,289.4,Not Placed,0.0
481,Business,30.1,28.595,No,228.39081632653,290.5,Placed,156333.33333333334
482,Computer Science,30.4,28.88,No,228.305408163265,291.6,Placed,182333.33333333334
483,Engineering,30.7,29.165,No,228.22,292.70000000000005,Not Placed,0.0
484,Finance,31.0,29.45,No,228.134591836734,293.8,Placed,121000.0
485,Art,31.3,29.735,No,228.049183673469,294.9,Not Placed,0.0
486,Business,31.599999999999998,30.019999999999996,Yes,227.963775510204,296.0,Placed,162333.33333333334
487,Computer Science,31.9,30.304999999999996,No,227.878367346938,297.1,Placed,100500.0
488,Engineering,32.2,30.59,No,227.792959183673,298.20000000000005,Not Placed,0.0
489,Finance,32.5,30.875,No,227.707551020408,299.3,Placed,159666.66666666666
490,Art,32.8,31.159999999999997,No,227.622142857143,300.4,Not Placed,0.0
491,Business,33.099999999999994,31.444999999999993,No,227.536734693877,301.5,Placed,129000.0
492,Computer Science,33.4,31.729999999999997,No,227.451326530612,302.6,Placed,165000.0
493,Engineering,33.7,32.015,No,227.365918367347,303.70000000000005,Not Placed,0.0
494,Finance,34.0,32.3,No,227.280510204081,304.8,Placed,159666.66666666666
495,Art,34.3,32.584999999999994,No,227.195102040816,305.9,Not Placed,0.0
496,Business,34.599999999999994,32.86999999999999,Yes,227.109693877551,307.0,Placed,100500.0
497,Computer Science,34.9,33.154999999999994,No,227.024285714285,308.1,Placed,100500.0
498,Engineering,35.2,33.44,No,226.93887755102,309.20000000000005,Not Placed,0.0
499,Finance,35.5,33.725,No,226.853469387755,310.3,Placed,214333.33333333334
500,Art,35.8,34.01,No,226.768061224489,311.4,Not Placed,0.0
501,Business,36.099999999999994,34.294999999999995,No,226.682653061224,312.5,Placed,155000.0
502,Computer Science,36.4,34.58,No,226.597244897959,313.6,Placed,100500.0
503,Engineering,36.7,34.865,No,226.511836734694,314.70000000000005,Not Placed,0.0
504,Finance,37.0,35.15,No,226.426428571428,315.8,Placed,100500.0
505,Art,37.3,35.434999999999995,No,226.341020408163,316.9,Not Placed,0.0
506,Business,37.599999999999994,35.71999999999999,Yes,226.255612244898,318.0,Placed,193666.66666666666
507,Computer Science,37.9,36.004999999999995,No,226.170204081632,319.1,Placed,149000.0
508,Engineering,38.2,36.29,No,226.084795918367,320.20000000000005,Not Placed,0.0
509,Finance,38.5,36.574999999999996,No,225.999387755102,321.3,Placed,182333.33333333334
510,Art,38.8,36.85999999999999,No,225.913979591836,322.4,Not Placed,0.0
511,Business,39.099999999999994,37.144999999999996,No,225.828571428571,323.5,Placed,100500.0
512,Computer Science,39.4,37.43,No,225.743163265306,324.6,Placed,100500.0
513,Engineering,39.7,37.715,No,225.65775510204,325.70000000000005,Not Placed,0.0
514,Finance,40.0,38.0,No,225.572346938775,326.8,Placed,100500.0
515,Art,40.3,38.285,No,225.48693877551,327.9,Not Placed,0.0
516,Business,40.599999999999994,38.56999999999999,Yes,225.401530612245,329.0,Placed,263666.6666666666
517,Computer Science,40.9,38.855,No,225.316122448979,330.1,Placed,136333.3333333333
518,Engineering,41.2,39.14,No,225.230714285714,331.20000000000005,Not Placed,0.0
519,Finance,41.5,39.425,No,225.145306122449,332.3,Placed,100500.0
520,Art,41.8,39.709999999999994,No,225.059897959183,333.4,Not Placed,0.0
521,Business,42.099999999999994,39.99499999999999,No,224.974489795918,334.5,Placed,168333.33333333334
522,Computer Science,42.4,40.279999999999994,No,224.889081632653,335.6,Placed,100500.0
523,Engineering,42.7,40.565,No,224.803673469387,336.70000000000005,Not Placed,0.0
524,Finance,43.0,40.85,No,224.718265306122,337.8,Placed,100500.0
525,Art,43.3,41.135,No,224.632857142857,338.9,Not Placed,0.0
526,Business,43.599999999999994,41.419999999999995,Yes,224.547448979591,340.0,Placed,100500.0
527,Computer Science,43.9,41.705,No,224.462040816326,341.1,Placed,117666.66666666667
528,Engineering,44.2,41.99,No,224.376632653061,342.20000000000005,Not Placed,0.0
529,Finance,44.5,42.275,No,224.291224489796,343.3,Placed,100500.0
530,Art,44.8,42.559999999999995,No,224.20581632653,344.40000000000003,Not Placed,0.0
531,Business,45.099999999999994,42.84499999999999,No,224.120408163265,345.5,Placed,100500.0
532,Computer Science,45.4,43.129999999999995,No,224.035,346.6,Placed,225666.66666666666
533,Engineering,45.7,43.415,No,223.949591836734,347.70000000000005,Not Placed,0.0
534,Finance,46.0,43.699999999999996,No,223.864183673469,224.462040816326,Placed,214333.33333333334
535,Art,46.3,43.98499999999999,No,223.778775510204,224.376632653061,Not Placed,0.0
536,Business,46.6,44.269999999999996,Yes,223.693367346938,224.291224489796,Placed,126333.33333333333
537,Computer Science,46.9,44.555,No,223.607959183673,224.20581632653,Placed,100500.0
538,Engineering,47.199999999999996,44.839999999999996,No,223.522551020408,224.120408163265,Not Placed,0.0
539,Finance,47.5,45.125,No,223.437142857143,224.035,Placed,100500.0
540,Art,47.8,45.41,No,223.351734693877,223.949591836734,Not Placed,0.0
541,Business,48.1,45.695,No,223.266326530612,223.864183673469,Placed,155000.0
542,Computer Science,48.4,45.98,No,223.180918367347,223.778775510204,Placed,470333.3333333333
543,Engineering,48.699999999999996,46.26499999999999,No,223.095510204081,223.693367346938,Not Placed,0.0
544,Finance,49.0,46.55,No,223.010102040816,223.607959183673,Placed,155000.0
545,Art,49.3,46.834999999999994,No,222.924693877551,223.522551020408,Not Placed,0.0
546,Business,49.6,47.12,Yes,222.839285714285,223.437142857143,Placed,154333.33333333334
547,Computer Science,49.9,47.404999999999994,No,222.75387755102,223.351734693877,Placed,155000.0
548,Engineering,50.199999999999996,47.68999999999999,No,222.668469387755,223.266326530612,Not Placed,0.0
549,Finance,50.5,47.974999999999994,No,222.583061224489,223.180918367347,Placed,183000.0
550,Art,50.8,48.26,No,222.497653061224,223.095510204081,Not Placed,0.0
551,Business,51.1,48.545,No,222.412244897959,223.010102040816,Placed,127000.0
552,Computer Science,51.4,48.83,No,222.326836734694,222.924693877551,Placed,141000.0
553,Engineering,51.699999999999996,49.114999999999995,No,222.241428571428,222.839285714285,Not Placed,0.0
554,Finance,52.0,49.4,No,222.156020408163,252.0,Placed,241000.0
555,Art,52.3,49.684999999999995,No,222.070612244898,423.0,Not Placed,0.0
556,Business,52.6,49.97,Yes,221.985204081632,101.0,Placed,100500.0
557,Computer Science,52.9,50.254999999999995,No,221.899795918367,288.0,Placed,100500.0
558,Engineering,53.199999999999996,50.53999999999999,No,221.814387755102,248.0,Not Placed,0.0
559,Finance,53.5,50.824999999999996,No,221.728979591836,145.0,Placed,100500.0
560,Art,53.8,51.10999999999999,No,221.643571428571,401.0,Not Placed,0.0
561,Business,54.1,51.394999999999996,No,221.558163265306,287.0,Placed,100500.0
562,Computer Science,54.4,51.68,No,221.47275510204,275.0,Placed,149000.0
563,Engineering,54.699999999999996,51.964999999999996,No,221.387346938775,254.0,Not Placed,0.0
564,Finance,55.0,52.25,No,221.30193877551,182.0,Placed,100500.0
565,Art,55.3,52.535,No,221.216530612245,117.0,Not Placed,0.0
566,Business,55.6,52.82,Yes,221.131122448979,130.0,Placed,182333.33333333334
567,Computer Science,55.9,53.105,No,221.045714285714,219.0,Placed,100500.0
568,Engineering,56.199999999999996,53.38999999999999,No,220.960306122449,152.0,Not Placed,0.0
569,Finance,56.5,53.675,No,220.874897959183,228.0,Placed,139000.0
570,Art,56.8,53.959999999999994,No,220.789489795918,62.0,Not Placed,0.0
571,Business,57.1,54.245,No,220.704081632653,393.0,Placed,100500.0
572,Computer Science,57.4,54.529999999999994,No,220.618673469387,277.0,Placed,100500.0
573,Engineering,57.699999999999996,54.81499999999999,No,220.533265306122,206.0,Not Placed,0.0
574,Finance,58.0,55.099999999999994,No,220.447857142857,229.0,Placed,100500.0
575,Art,58.3,55.385,No,220.362448979592,182.0,Not Placed,0.0
576,Business,58.6,55.67,Yes,220.277040816326,98.0,Placed,182333.33333333334
577,Computer Science,58.9,55.955,No,220.191632653061,125.0,Placed,167666.66666666666
578,Engineering,59.199999999999996,56.239999999999995,No,220.106224489796,164.0,Not Placed,0.0
579,Finance,59.5,56.525,No,220.02081632653,186.0,Placed,100500.0
580,Art,59.8,56.809999999999995,No,219.935408163265,235.0,Not Placed,0.0
581,Business,60.1,57.095,No,219.85,184.0,Placed,100500.0
582,Computer Science,60.4,57.379999999999995,No,219.764591836734,76.0,Placed,149666.66666666666
583,Engineering,60.699999999999996,57.66499999999999,No,219.679183673469,126.0,Not Placed,0.0
584,Finance,61.0,57.949999999999996,No,219.593775510204,183.0,Placed,100500.0
585,Art,61.3,58.23499999999999,No,219.508367346938,242.0,Not Placed,0.0
586,Business,61.6,58.519999999999996,Yes,219.422959183673,207.0,Placed,111000.0
587,Computer Science,61.9,58.80499999999999,No,219.337551020408,181.0,Placed,100500.0
588,Engineering,62.199999999999996,59.089999999999996,No,219.252142857143,239.0,Not Placed,0.0
589,Finance,62.5,59.375,No,219.166734693877,216.0,Placed,100500.0
590,Art,62.8,59.66,No,219.081326530612,289.0,Not Placed,0.0
591,Business,63.1,59.945,No,218.995918367347,213.0,Placed,100500.0
592,Computer Science,63.4,60.23,No,218.910510204081,209.0,Placed,109000.0
593,Engineering,56.910000000000004,0.0,No,218.825102040816,376.0,Not Placed,0.0
594,Finance,56.910000000000004,0.0,No,218.739693877551,332.0,Placed,255500.0
595,Art,29.0,27.549999999999997,No,218.654285714285,249.0,Not Placed,0.0
596,Business,56.910000000000004,0.0,Yes,218.56887755102,228.0,Placed,100500.0
597,Computer Science,75.0,71.25,No,218.483469387755,124.0,Placed,114500.0
598,Engineering,89.0,84.55,No,218.398061224489,194.0,Not Placed,0.0
599,Finance,45.8,43.51,No,218.312653061224,157.0,Placed,124000.0
600,Art,56.910000000000004,0.0,No,218.227244897959,402.0,Not Placed,0.0
601,Business,56.910000000000004,0.0,No,218.141836734693,323.0,Placed,99000.0
602,Computer Science,67.0,63.65,No,218.056428571428,181.0,Placed,100500.0
603,Engineering,56.910000000000004,0.0,No,217.971020408163,157.0,Not Placed,0.0
604,Finance,56.910000000000004,0.0,No,217.885612244898,266.0,Placed,100500.0
605,Art,56.910000000000004,0.0,No,217.800204081632,268.0,Not Placed,0.0
606,Business,56.910000000000004,0.0,Yes,217.714795918367,167.0,Placed,100500.0
607,Computer Science,56.910000000000004,0.0,No,217.629387755102,342.0,Placed,82000.0
608,Engineering,56.0,53.199999999999996,No,217.543979591836,349.0,Not Placed,0.0
609,Finance,56.910000000000004,0.0,No,217.458571428571,340.0,Placed,100500.0
610,Art,56.910000000000004,0.0,No,217.373163265306,227.0,Not Placed,0.0
611,Business,56.910000000000004,0.0,No,217.28775510204,409.0,Placed,89500.0
612,Computer Science,33.0,31.349999999999998,No,217.202346938775,400.0,Placed,91500.0
613,Engineering,33.92,32.224,No,217.11693877551,374.0,Not Placed,0.0
614,Finance,34.84,33.098,No,217.031530612245,255.0,Placed,100500.0
615,Art,35.76,33.971999999999994,No,216.946122448979,146.0,Not Placed,0.0
616,Business,36.68,34.846,Yes,216.860714285714,248.0,Placed,100500.0
617,Computer Science,37.6,35.72,No,216.775306122449,198.0,Placed,100500.0
618,Engineering,38.52,36.594,No,216.689897959183,210.0,Not Placed,0.0
619,Finance,39.44,37.467999999999996,No,216.604489795918,107.0,Placed,99000.0
620,Art,40.36,38.342,No,216.519081632653,239.0,Not Placed,0.0
621,Business,41.28,39.216,No,216.433673469387,287.0,Placed,75500.0
622,Computer Science,42.2,40.09,No,216.348265306122,340.0,Placed,86000.0
623,Engineering,43.120000000000005,40.964000000000006,No,216.262857142857,155.0,Not Placed,0.0
624,Finance,44.04,41.837999999999994,No,216.177448979592,263.0,Placed,100500.0
625,Art,44.96,42.711999999999996,No,216.092040816326,265.0,Not Placed,0.0
626,Business,45.88,43.586,Yes,216.006632653061,249.0,Placed,156500.0
627,Computer Science,46.8,44.459999999999994,No,215.921224489796,377.0,Placed,99500.0
628,Engineering,47.72,45.333999999999996,No,215.83581632653,301.0,Not Placed,0.0
629,Finance,48.64,46.208,No,215.750408163265,242.0,Placed,100500.0
630,Art,49.56,47.082,No,215.665,211.0,Not Placed,0.0
631,Business,50.480000000000004,47.956,No,215.579591836734,160.0,Placed,100500.0
632,Computer Science,51.400000000000006,48.830000000000005,No,215.494183673469,218.0,Placed,103500.0
633,Engineering,52.32,49.704,No,215.408775510204,133.0,Not Placed,0.0
634,Finance,53.24,50.578,No,215.323367346938,122.0,Placed,205500.0
635,Art,54.16,51.45199999999999,No,215.237959183673,236.0,Not Placed,0.0
636,Business,55.08,52.32599999999999,Yes,215.152551020408,143.0,Placed,340000.0
637,Computer Science,56.0,53.199999999999996,No,215.067142857142,354.0,Placed,100500.0
638,Engineering,56.92,54.074,No,214.981734693877,214.0,Not Placed,0.0
639,Finance,57.84,54.948,No,214.896326530612,225.0,Placed,99500.0
640,Art,58.760000000000005,55.822,No,214.810918367347,261.0,Not Placed,0.0
641,Business,59.68,56.696,No,214.725510204081,277.0,Placed,103500.0
642,Computer Science,60.6,57.57,No,214.640102040816,282.0,Placed,165000.0
643,Engineering,61.519999999999996,58.443999999999996,No,214.554693877551,322.0,Not Placed,0.0
644,Finance,62.44,59.318,No,214.469285714285,326.0,Placed,103500.0
645,Art,63.36,60.192,No,214.38387755102,421.0,Not Placed,0.0
646,Business,64.28,61.065999999999995,Yes,214.298469387755,368.0,Placed,93000.0
647,Computer Science,65.2,61.94,No,214.213061224489,279.0,Placed,100500.0
648,Engineering,66.12,62.814,No,214.127653061224,268.0,Not Placed,0.0
649,Finance,67.03999999999999,63.68799999999999,No,214.042244897959,276.0,Placed,96000.0
650,Art,67.96000000000001,64.562,No,213.956836734693,410.0,Not Placed,0.0
651,Business,68.88,65.43599999999999,No,213.871428571428,119.0,Placed,100500.0
652,Computer Science,69.80000000000001,66.31,No,213.786020408163,334.0,Placed,80000.0
653,Engineering,70.72,67.184,No,213.700612244898,252.0,Not Placed,0.0
654,Finance,71.64,68.05799999999999,No,213.615204081632,209.0,Placed,124500.0
655,Art,72.56,68.932,No,213.529795918367,462.0,Not Placed,0.0
656,Business,73.48,69.806,Yes,213.444387755102,342.0,Placed,99000.0
657,Computer Science,74.4,70.68,No,213.358979591836,347.0,Placed,100500.0
658,Engineering,75.32,71.55399999999999,No,213.273571428571,313.0,Not Placed,0.0
659,Finance,76.24000000000001,72.42800000000001,No,213.188163265306,232.0,Placed,100500.0
660,Art,77.16,73.30199999999999,No,213.10275510204,163.0,Not Placed,0.0
661,Business,78.08000000000001,74.176,No,213.017346938775,119.0,Placed,100500.0
662,Computer Science,79.0,75.05,No,212.93193877551,304.0,Placed,100500.0
663,Engineering,79.92,75.92399999999999,No,212.846530612244,211.0,Not Placed,0.0
664,Finance,80.84,76.798,No,212.761122448979,286.0,Placed,144500.0
665,Art,81.76,77.672,No,212.675714285714,122.0,Not Placed,0.0
666,Business,82.68,78.546,Yes,212.590306122449,443.0,Placed,100500.0
667,Computer Science,83.6,79.41999999999999,No,212.504897959183,366.0,Placed,114500.0
668,Engineering,84.52000000000001,80.29400000000001,No,212.419489795918,244.0,Not Placed,0.0
669,Finance,85.44,81.16799999999999,No,212.334081632653,241.0,Placed,104500.0
670,Art,86.36,82.042,No,212.248673469387,237.0,Not Placed,0.0
671,Business,87.28,82.916,No,212.163265306122,122.0,Placed,113000.0
672,Computer Science,88.2,83.78999999999999,No,212.077857142857,129.0,Placed,78000.0
673,Engineering,89.12,84.664,No,211.992448979591,236.0,Not Placed,0.0
674,Finance,90.03999999999999,85.53799999999998,No,211.907040816326,251.0,Placed,109000.0
675,Art,90.96000000000001,86.412,No,211.821632653061,283.0,Not Placed,0.0
676,Business,91.88,87.28599999999999,Yes,211.736224489795,225.0,Placed,99500.0
677,Computer Science,92.80000000000001,88.16000000000001,No,211.65081632653,102.0,Placed,107000.0
678,Engineering,93.72,89.03399999999999,No,211.565408163265,180.0,Not Placed,0.0
679,Finance,94.64,89.908,No,211.48,247.0,Placed,84000.0
680,Art,95.56,90.782,No,211.394591836734,343.0,Not Placed,0.0
681,Business,96.48,91.656,No,211.309183673469,283.0,Placed,100500.0
682,Computer Science,97.4,92.53,No,211.223775510204,253.0,Placed,111000.0
683,Engineering,98.32000000000001,93.404,No,211.138367346938,263.0,Not Placed,0.0
684,Finance,99.24000000000001,94.278,No,211.052959183673,291.0,Placed,107000.0
685,Art,98.7,93.765,No,210.967551020408,368.0,Not Placed,0.0
686,Business,99.60000000000001,94.62,Yes,210.882142857142,206.0,Placed,100500.0
687,Computer Science,56.910000000000004,0.0,No,210.796734693877,231.0,Placed,100500.0
688,Engineering,56.910000000000004,0.0,No,210.711326530612,389.0,Not Placed,0.0
689,Finance,56.910000000000004,0.0,No,210.625918367346,396.0,Placed,148000.0
690,Art,56.910000000000004,0.0,No,210.540510204081,339.0,Not Placed,0.0
691,Business,56.910000000000004,0.0,No,210.455102040816,286.0,Placed,103500.0
692,Computer Science,56.910000000000004,0.0,No,210.369693877551,146.0,Placed,100500.0
693,Engineering,56.910000000000004,0.0,No,210.284285714285,315.0,Not Placed,0.0
694,Finance,56.910000000000004,0.0,No,210.19887755102,183.0,Placed,100500.0
695,Art,13.7,13.014999999999999,No,210.113469387755,481.0,Not Placed,0.0
696,Business,14.1,13.395,Yes,210.028061224489,349.0,Placed,132500.0
697,Computer Science,14.5,13.774999999999999,No,209.942653061224,225.0,Placed,99000.0
698,Engineering,14.9,14.155,No,209.857244897959,217.0,Not Placed,0.0
699,Finance,15.3,14.535,No,209.771836734693,353.0,Placed,124000.0
700,Art,15.7,14.915,No,209.686428571428,314.0,Not Placed,0.0
701,Business,16.1,15.295,No,209.601020408163,247.0,Placed,100500.0
702,Computer Science,16.5,15.674999999999999,No,209.515612244898,410.0,Placed,100500.0
703,Engineering,16.9,16.054999999999996,No,209.430204081632,395.0,Not Placed,0.0
704,Finance,17.3,16.435,No,209.344795918367,416.0,Placed,100500.0
705,Art,17.7,16.814999999999998,No,209.259387755102,342.0,Not Placed,0.0
706,Business,18.1,17.195,Yes,209.173979591836,446.0,Placed,185000.0
707,Computer Science,18.5,17.575,No,209.088571428571,477.0,Placed,89500.0
708,Engineering,18.9,17.955,No,209.003163265306,444.0,Not Placed,0.0
709,Finance,19.3,18.335,No,208.91775510204,351.0,Placed,100500.0
710,Art,19.700000000000003,18.715000000000003,No,208.832346938775,165.0,Not Placed,0.0
711,Business,20.1,19.095,No,208.74693877551,317.0,Placed,113500.0
712,Computer Science,20.5,19.474999999999998,No,208.661530612244,250.0,Placed,100500.0
713,Engineering,20.9,19.854999999999997,No,208.576122448979,217.0,Not Placed,0.0
714,Finance,21.3,20.235,No,208.490714285714,138.0,Placed,100500.0
715,Art,21.700000000000003,20.615000000000002,No,208.405306122449,302.0,Not Placed,0.0
716,Business,22.1,20.995,Yes,208.319897959183,311.0,Placed,100500.0
717,Computer Science,22.5,21.375,No,208.234489795918,373.0,Placed,75500.0
718,Engineering,22.9,21.755,No,208.149081632653,196.0,Not Placed,0.0
719,Finance,23.3,22.134999999999998,No,208.063673469387,306.0,Placed,100500.0
720,Art,23.700000000000003,22.515,No,207.978265306122,302.0,Not Placed,0.0
721,Business,24.1,22.895,No,207.892857142857,278.0,Placed,100500.0
722,Computer Science,24.5,23.275,No,207.807448979591,429.0,Placed,156500.0
723,Engineering,24.9,23.654999999999998,No,207.722040816326,338.0,Not Placed,0.0
724,Finance,25.3,24.035,No,207.636632653061,261.0,Placed,148000.0
725,Art,25.700000000000003,24.415000000000003,No,207.551224489795,256.0,Not Placed,0.0
726,Business,26.1,24.795,Yes,207.46581632653,183.0,Placed,82000.0
727,Computer Science,26.5,25.174999999999997,No,207.380408163265,274.0,Placed,100500.0
728,Engineering,26.900000000000002,25.555,No,207.295,182.0,Not Placed,0.0
729,Finance,27.3,25.935,No,207.209591836734,183.0,Placed,100500.0
730,Art,27.7,26.314999999999998,No,207.124183673469,309.0,Not Placed,0.0
731,Business,28.1,26.695,No,207.038775510204,178.0,Placed,103500.0
732,Computer Science,28.5,27.075,No,206.953367346938,458.0,Placed,340000.0
733,Engineering,28.900000000000002,27.455000000000002,No,206.867959183673,234.0,Not Placed,0.0
734,Finance,29.3,27.835,No,206.782551020408,306.0,Placed,103500.0
735,Art,29.700000000000003,28.215,No,206.697142857142,400.0,Not Placed,0.0
736,Business,30.1,28.595,Yes,206.611734693877,402.457789,Placed,103000.0
737,Computer Science,30.5,28.974999999999998,No,206.526326530612,404.915578,Placed,103500.0
738,Engineering,30.900000000000002,29.355,No,206.440918367347,407.373367,Not Placed,0.0
739,Finance,31.3,29.735,No,206.355510204081,409.831156,Placed,124500.0
740,Art,31.700000000000003,30.115000000000002,No,206.270102040816,412.288945,Not Placed,0.0
741,Business,32.1,30.495,No,206.184693877551,414.746734,Placed,82500.0
742,Computer Science,32.5,30.875,No,206.099285714285,417.204523,Placed,93000.0
743,Engineering,32.900000000000006,31.255000000000003,No,206.01387755102,419.662312,Not Placed,0.0
744,Finance,33.3,31.634999999999994,No,205.928469387755,422.120101,Placed,168000.0
745,Art,33.7,32.015,No,205.843061224489,424.57789,Not Placed,0.0
746,Business,34.1,32.395,Yes,205.757653061224,427.035679,Placed,100500.0
747,Computer Science,34.5,32.775,No,205.672244897959,429.493468,Placed,100500.0
748,Engineering,34.900000000000006,33.155,No,205.586836734693,431.951257,Not Placed,0.0
749,Finance,35.3,33.535,No,205.501428571428,434.409046,Placed,100500.0
750,Art,35.7,33.915,No,205.416020408163,436.866835,Not Placed,0.0
751,Business,36.1,34.295,No,205.330612244898,208.576122448979,Placed,100500.0
752,Computer Science,36.5,34.675,No,205.245204081632,208.490714285714,Placed,99000.0
753,Engineering,36.900000000000006,35.05500000000001,No,205.159795918367,208.405306122449,Not Placed,0.0
754,Finance,37.3,35.434999999999995,No,205.074387755102,208.319897959183,Placed,100500.0
755,Art,37.7,35.815,No,204.988979591836,208.234489795918,Not Placed,0.0
756,Business,38.1,36.195,Yes,204.903571428571,208.149081632653,Placed,124000.0
757,Computer Science,38.5,36.574999999999996,No,204.818163265306,208.063673469387,Placed,100500.0
758,Engineering,38.900000000000006,36.955000000000005,No,204.73275510204,207.978265306122,Not Placed,0.0
759,Finance,39.3,37.334999999999994,No,204.647346938775,207.892857142857,Placed,91500.0
760,Art,39.7,37.715,No,204.56193877551,207.807448979591,Not Placed,0.0
761,Business,40.1,38.095,No,204.476530612244,207.722040816326,Placed,100500.0
762,Computer Science,40.5,38.475,No,204.391122448979,207.636632653061,Placed,100500.0
763,Engineering,40.900000000000006,38.855000000000004,No,204.305714285714,207.551224489795,Not Placed,0.0
764,Finance,41.3,39.23499999999999,No,204.220306122449,207.46581632653,Placed,100500.0
765,Art,41.7,39.615,No,204.134897959183,207.380408163265,Not Placed,0.0
766,Business,42.1,39.995,Yes,204.049489795918,207.295,Placed,124000.0
767,Computer Science,42.5,40.375,No,203.964081632653,207.209591836734,Placed,113000.0
768,Engineering,42.9,40.754999999999995,No,203.878673469387,207.124183673469,Not Placed,0.0
769,Finance,43.300000000000004,41.135000000000005,No,203.793265306122,207.038775510204,Placed,100500.0
770,Art,43.7,41.515,No,203.707857142857,206.953367346938,Not Placed,0.0
771,Business,44.1,41.894999999999996,No,203.622448979591,275.0,Placed,100500.0
772,Computer Science,44.5,42.275,No,203.537040816326,254.0,Placed,99500.0
773,Engineering,44.9,42.654999999999994,No,203.451632653061,182.0,Not Placed,0.0
774,Finance,45.300000000000004,43.035000000000004,No,203.366224489795,117.0,Placed,100500.0
775,Art,45.7,43.415,No,203.28081632653,130.0,Not Placed,0.0
776,Business,46.1,43.795,Yes,203.195408163265,219.0,Placed,100500.0
777,Computer Science,46.5,44.175,No,203.11,152.0,Placed,111000.0
778,Engineering,46.9,44.555,No,203.024591836734,228.0,Not Placed,0.0
779,Finance,47.300000000000004,44.935,No,202.939183673469,62.0,Placed,107000.0
780,Art,47.7,45.315,No,202.853775510204,393.0,Not Placed,0.0
781,Business,48.1,45.695,No,202.768367346938,277.0,Placed,100500.0
782,Computer Science,48.5,46.074999999999996,No,202.682959183673,206.0,Placed,100500.0
783,Engineering,48.900000000000006,46.455000000000005,No,202.597551020408,229.0,Not Placed,0.0
784,Finance,49.300000000000004,46.835,No,202.512142857142,182.0,Placed,148000.0
785,Art,49.7,47.215,No,202.426734693877,98.0,Not Placed,0.0
786,Business,50.1,47.595,Yes,202.341326530612,125.0,Placed,103500.0
787,Computer Science,50.5,47.974999999999994,No,202.255918367347,164.0,Placed,100500.0
788,Engineering,50.900000000000006,48.355000000000004,No,202.170510204081,186.0,Not Placed,0.0
789,Finance,51.300000000000004,48.735,No,202.085102040816,235.0,Placed,100500.0
790,Art,51.7,49.115,No,201.999693877551,184.0,Not Placed,0.0
791,Business,52.1,49.495,No,201.914285714285,76.0,Placed,132500.0
792,Computer Science,52.5,49.875,No,201.82887755102,126.0,Placed,99000.0
793,Engineering,52.900000000000006,50.255,No,201.743469387755,183.0,Not Placed,0.0
794,Finance,53.300000000000004,50.635000000000005,No,201.658061224489,242.0,Placed,124000.0
795,Art,53.7,51.015,No,201.572653061224,207.0,Not Placed,0.0
796,Business,54.1,51.394999999999996,Yes,201.487244897959,181.0,Placed,100500.0
797,Computer Science,54.5,51.775,No,201.401836734693,239.0,Placed,100500.0
798,Engineering,54.900000000000006,52.155,No,201.316428571428,216.0,Not Placed,0.0
799,Finance,55.300000000000004,52.535000000000004,No,201.231020408163,289.0,Placed,100500.0
800,Art,55.7,52.915,No,201.145612244898,213.0,Not Placed,0.0
801,Business,56.1,53.295,No,201.060204081632,209.0,Placed,185000.0
802,Computer Science,56.5,53.675,No,200.974795918367,376.0,Placed,89500.0
803,Engineering,56.900000000000006,54.055,No,200.889387755102,332.0,Not Placed,0.0
804,Finance,57.300000000000004,54.435,No,200.803979591836,249.0,Placed,100500.0
805,Art,57.7,54.815,No,200.718571428571,228.0,Not Placed,0.0
806,Business,58.1,55.195,Yes,200.633163265306,124.0,Placed,113500.0
807,Computer Science,58.5,55.574999999999996,No,200.54775510204,194.0,Placed,100500.0
808,Engineering,58.900000000000006,55.955000000000005,No,200.462346938775,157.0,Not Placed,0.0
809,Finance,59.300000000000004,56.335,No,200.37693877551,402.0,Placed,100500.0
810,Art,59.7,56.715,No,200.291530612244,323.0,Not Placed,0.0
811,Business,60.1,57.095,No,200.206122448979,181.0,Placed,100500.0
812,Computer Science,60.5,57.474999999999994,No,200.120714285714,157.0,Placed,75500.0
813,Engineering,60.900000000000006,57.855000000000004,No,200.035306122449,266.0,Not Placed,0.0
814,Finance,61.300000000000004,58.235,No,199.949897959183,268.0,Placed,100500.0
815,Art,61.7,58.615,No,199.864489795918,167.0,Not Placed,0.0
816,Business,62.1,58.995,Yes,199.779081632653,342.0,Placed,100500.0
817,Computer Science,62.5,59.375,No,199.693673469387,349.0,Placed,156500.0
818,Engineering,62.900000000000006,59.755,No,199.608265306122,340.0,Not Placed,0.0
819,Finance,63.300000000000004,60.135,No,199.522857142857,227.0,Placed,148000.0
820,Art,63.7,60.515,No,199.437448979591,409.0,Not Placed,0.0
821,Business,64.1,60.89499999999999,No,199.352040816326,400.0,Placed,82000.0
822,Computer Science,64.5,61.275,No,199.266632653061,374.0,Placed,100500.0
823,Engineering,64.9,61.655,No,199.181224489795,255.0,Not Placed,0.0
824,Finance,65.30000000000001,62.03500000000001,No,199.09581632653,146.0,Placed,100500.0
825,Art,65.7,62.415,No,199.010408163265,248.0,Not Placed,0.0
826,Business,66.1,62.794999999999995,Yes,198.924999999999,198.0,Placed,103500.0
827,Computer Science,66.5,63.175,No,198.839591836734,210.0,Placed,340000.0
828,Engineering,66.9,63.555,No,198.754183673469,107.0,Not Placed,0.0
829,Finance,67.30000000000001,63.93500000000001,No,198.668775510204,239.0,Placed,103500.0
830,Art,67.7,64.315,No,198.583367346938,287.0,Not Placed,0.0
831,Business,68.1,64.695,No,198.497959183673,340.0,Placed,103000.0
832,Computer Science,68.5,65.075,No,198.412551020408,155.0,Placed,103500.0
833,Engineering,68.9,65.455,No,198.327142857142,263.0,Not Placed,0.0
834,Finance,69.30000000000001,65.83500000000001,No,198.241734693877,265.0,Placed,124500.0
835,Art,69.7,66.215,No,198.156326530612,249.0,Not Placed,0.0
836,Business,70.1,66.59499999999998,Yes,198.070918367346,377.0,Placed,82500.0
837,Computer Science,70.5,66.975,No,197.985510204081,301.0,Placed,93000.0
838,Engineering,70.9,67.355,No,197.900102040816,242.0,Not Placed,0.0
839,Finance,71.30000000000001,67.73500000000001,No,197.81469387755,211.0,Placed,168000.0
840,Art,71.7,68.115,No,197.729285714285,160.0,Not Placed,0.0
841,Business,39.1,37.145,No,197.64387755102,218.0,Placed,100500.0
842,Computer Science,41.300000000000004,39.235,No,197.558469387755,133.0,Placed,100500.0
843,Engineering,43.5,41.324999999999996,No,197.473061224489,122.0,Not Placed,0.0
844,Finance,45.7,43.415,No,197.387653061224,236.0,Placed,100500.0
845,Art,47.900000000000006,45.505,No,197.302244897959,143.0,Not Placed,0.0
846,Business,50.1,47.595,Yes,197.216836734693,354.0,Placed,100500.0
847,Computer Science,52.300000000000004,49.685,No,197.131428571428,214.0,Placed,99000.0
848,Engineering,54.5,51.775,No,197.046020408163,225.0,Not Placed,0.0
849,Finance,56.7,53.865,No,196.960612244898,261.0,Placed,100500.0
850,Art,58.900000000000006,55.955000000000005,No,196.875204081632,277.0,Not Placed,0.0
851,Business,61.1,58.045,No,196.789795918367,282.0,Placed,124000.0
852,Computer Science,63.300000000000004,60.135,No,196.704387755101,322.0,Placed,100500.0
853,Engineering,65.5,62.224999999999994,No,196.618979591836,326.0,Not Placed,0.0
854,Finance,67.7,64.315,No,196.533571428571,421.0,Placed,91500.0
855,Art,69.9,66.405,No,196.448163265306,368.0,Not Placed,0.0
856,Business,72.1,68.49499999999999,Yes,196.36275510204,279.0,Placed,100500.0
857,Computer Science,74.30000000000001,70.58500000000001,No,196.277346938775,268.0,Placed,100500.0
858,Engineering,76.5,72.675,No,196.19193877551,261.272959183673,Not Placed,0.0
859,Finance,78.7,74.765,No,196.106530612244,261.187551020408,Placed,100500.0
860,Art,80.9,76.855,No,196.021122448979,261.102142857143,Not Placed,0.0
861,Business,83.1,78.945,No,195.935714285714,261.016734693878,Placed,124000.0
862,Computer Science,85.30000000000001,81.03500000000001,No,195.850306122449,260.931326530612,Placed,113000.0
863,Engineering,87.5,83.125,No,195.764897959183,260.845918367347,Not Placed,0.0
864,Finance,89.7,85.215,No,195.679489795918,260.760510204082,Placed,100500.0
865,Art,91.9,87.305,No,195.594081632653,260.675102040816,Not Placed,0.0
866,Business,94.10000000000001,89.39500000000001,Yes,195.508673469387,260.589693877551,Placed,100500.0
867,Computer Science,96.30000000000001,91.485,No,195.423265306122,260.504285714286,Placed,99500.0
868,Engineering,98.5,93.57499999999999,No,195.337857142857,260.41887755102,Not Placed,0.0
869,Finance,56.910000000000004,0.0,No,195.252448979591,260.333469387755,Placed,100500.0
870,Art,56.910000000000004,0.0,No,195.167040816326,260.24806122449,Not Placed,0.0
871,Business,56.910000000000004,0.0,No,195.081632653061,260.162653061224,Placed,100500.0
872,Computer Science,59.1,56.144999999999996,No,194.996224489795,260.077244897959,Placed,100500.0
873,Engineering,59.800000000000004,56.81,No,194.91081632653,259.991836734694,Not Placed,0.0
874,Finance,60.5,57.474999999999994,No,194.825408163265,259.906428571429,Placed,209666.66666666666
875,Art,61.2,58.14,No,194.739999999999,259.821020408163,Not Placed,0.0
876,Business,61.9,58.80499999999999,Yes,194.654591836734,259.735612244898,Placed,100500.0
877,Computer Science,62.6,59.47,No,194.569183673469,443.0,Placed,169666.66666666666
878,Engineering,63.3,60.135,No,194.483775510204,366.0,Not Placed,0.0
879,Finance,64.0,60.8,No,194.398367346938,244.0,Placed,156333.33333333334
880,Art,64.7,61.464999999999996,No,194.312959183673,241.0,Not Placed,0.0
881,Business,65.4,62.13,No,194.227551020408,237.0,Placed,167666.66666666666
882,Computer Science,66.1,62.794999999999995,No,194.142142857142,122.0,Placed,121000.0
883,Engineering,66.8,63.459999999999994,No,215.237959183673,129.0,Not Placed,0.0
884,Finance,67.5,64.125,No,193.971326530612,236.0,Placed,162333.33333333334
885,Art,68.2,64.79,No,193.885918367346,251.0,Not Placed,0.0
886,Business,68.9,65.455,Yes,193.800510204081,283.0,Placed,149666.66666666666
887,Computer Science,69.6,66.11999999999999,No,193.715102040816,225.0,Placed,159666.66666666666
888,Engineering,70.3,66.785,No,193.62969387755,102.0,Not Placed,0.0
889,Finance,71.0,67.45,No,215.237959183673,180.0,Placed,129000.0
890,Art,71.7,68.115,No,193.544285714285,247.0,Not Placed,0.0
891,Business,72.4,68.78,No,193.373469387755,343.0,Placed,100500.0
892,Computer Science,73.1,69.445,No,193.288061224489,283.0,Placed,99500.0
893,Engineering,73.8,70.11,No,193.202653061224,253.0,Not Placed,0.0
894,Finance,74.5,70.77499999999999,No,193.117244897959,263.0,Placed,100500.0
895,Art,75.2,71.44,No,193.031836734693,291.0,Not Placed,0.0
896,Business,75.9,72.105,Yes,192.946428571428,368.0,Placed,162333.33333333334
897,Computer Science,76.6,72.77,No,192.861020408163,206.0,Placed,100500.0
898,Engineering,77.3,73.43499999999999,No,215.237959183673,231.0,Not Placed,0.0
899,Finance,78.0,74.1,No,215.237959183673,389.0,Placed,109000.0
900,Art,78.7,74.765,No,215.237959183673,396.0,Not Placed,0.0
901,Business,79.4,75.43,No,192.519387755101,339.0,Placed,99500.0
902,Computer Science,80.1,76.09499999999998,No,192.433979591836,286.0,Placed,107000.0
903,Engineering,80.8,76.75999999999999,No,192.348571428571,146.0,Not Placed,0.0
904,Finance,81.5,77.425,No,192.263163265306,315.0,Placed,84000.0
905,Art,82.2,78.09,No,192.17775510204,183.0,Not Placed,0.0
906,Business,82.9,78.755,Yes,192.092346938775,481.0,Placed,100500.0
907,Computer Science,83.6,79.41999999999999,No,192.00693877551,349.0,Placed,149666.66666666666
908,Engineering,84.3,80.085,No,191.921530612244,225.0,Not Placed,0.0
909,Finance,85.0,80.75,No,191.836122448979,217.0,Placed,100500.0
910,Art,85.7,81.41499999999999,No,191.750714285714,353.0,Not Placed,0.0
911,Business,86.4,82.08,No,191.665306122448,314.0,Placed,136333.3333333333
912,Computer Science,87.1,82.74499999999999,No,191.579897959183,247.0,Placed,139000.0
913,Engineering,87.8,83.41,No,191.494489795918,410.0,Not Placed,0.0
914,Finance,88.5,84.075,No,191.409081632652,395.0,Placed,100500.0
915,Art,89.2,84.74,No,191.323673469387,416.0,Not Placed,0.0
916,Business,89.9,85.405,Yes,191.238265306122,342.0,Placed,100500.0
917,Computer Science,90.6,86.07,No,191.152857142857,446.0,Placed,100500.0
918,Engineering,91.3,86.735,No,191.067448979591,477.0,Not Placed,0.0
919,Finance,92.0,87.39999999999999,No,190.982040816326,444.0,Placed,149000.0
920,Art,92.69999999999999,88.06499999999998,No,190.896632653061,351.0,Not Placed,0.0
921,Business,93.4,88.73,No,190.811224489795,165.0,Placed,117666.66666666667
922,Computer Science,94.1,89.395,No,215.237959183673,317.0,Placed,131666.6666666667
923,Engineering,94.8,90.05999999999999,No,215.237959183673,250.0,Not Placed,0.0
924,Finance,95.5,90.725,No,190.554999999999,217.0,Placed,100500.0
925,Art,96.19999999999999,91.38999999999999,No,190.469591836734,138.0,Not Placed,0.0
926,Business,96.9,92.055,Yes,190.384183673469,302.0,Placed,225666.66666666666
927,Computer Science,97.6,92.71999999999998,No,190.298775510203,311.0,Placed,149666.66666666666
928,Engineering,98.3,93.38499999999999,No,190.213367346938,373.0,Not Placed,0.0
929,Finance,99.0,94.05,No,190.127959183673,196.0,Placed,100500.0
930,Art,99.69999999999999,94.71499999999999,No,190.042551020408,306.0,Not Placed,0.0
931,Business,59.1,56.144999999999996,No,189.957142857142,302.0,Placed,100500.0
932,Computer Science,12.5,11.875,No,189.871734693877,278.0,Placed,155000.0
933,Engineering,30.7,29.165,No,189.786326530612,429.0,Not Placed,0.0
934,Finance,48.9,46.455,No,189.700918367346,338.0,Placed,291000.0
935,Art,67.1,63.74499999999999,No,189.615510204081,261.0,Not Placed,0.0
936,Business,85.3,81.035,Yes,189.530102040816,256.0,Placed,470333.3333333333
937,Computer Science,56.910000000000004,0.0,No,189.44469387755,183.0,Placed,100500.0
938,Engineering,56.910000000000004,0.0,No,189.359285714285,274.0,Not Placed,0.0
939,Finance,56.910000000000004,0.0,No,189.27387755102,182.0,Placed,149666.66666666666
940,Art,56.910000000000004,0.0,No,189.188469387754,183.0,Not Placed,0.0
941,Business,56.910000000000004,0.0,No,189.103061224489,309.0,Placed,155000.0
942,Computer Science,41.3,39.23499999999999,No,189.017653061224,178.0,Placed,237000.0
943,Engineering,41.5,39.425,No,188.932244897959,458.0,Not Placed,0.0
944,Finance,41.699999999999996,39.614999999999995,No,188.846836734693,234.0,Placed,155000.0
945,Art,41.9,39.805,No,188.761428571428,306.0,Not Placed,0.0
946,Business,42.099999999999994,39.99499999999999,Yes,188.676020408163,400.0,Placed,141000.0
947,Computer Science,42.3,40.184999999999995,No,188.590612244897,402.457789,Placed,100500.0
948,Engineering,42.5,40.375,No,188.505204081632,404.915578,Not Placed,0.0
949,Finance,42.699999999999996,40.56499999999999,No,188.419795918367,407.373367,Placed,145000.0
950,Art,42.9,40.754999999999995,No,188.334387755101,409.831156,Not Placed,0.0
951,Business,43.099999999999994,40.94499999999999,No,188.248979591836,412.288945,Placed,100500.0
952,Computer Science,43.3,41.135,No,188.163571428571,414.746734,Placed,123666.66666666667
953,Engineering,43.5,41.324999999999996,No,188.078163265306,417.204523,Not Placed,0.0
954,Finance,43.699999999999996,41.51499999999999,No,187.99275510204,419.662312,Placed,183000.0
955,Art,43.9,41.705,No,187.907346938775,422.120101,Not Placed,0.0
956,Business,44.099999999999994,41.894999999999996,Yes,187.82193877551,424.57789,Placed,149000.0
957,Computer Science,44.3,42.084999999999994,No,187.736530612244,427.035679,Placed,100500.0
958,Engineering,44.5,42.275,No,187.651122448979,429.493468,Not Placed,0.0
959,Finance,44.699999999999996,42.464999999999996,No,187.565714285714,199.608265306122,Placed,100500.0
960,Art,44.9,42.654999999999994,No,187.480306122448,199.522857142857,Not Placed,0.0
961,Business,45.099999999999994,42.84499999999999,No,187.394897959183,199.437448979591,Placed,100500.0
962,Computer Science,45.3,43.035,No,187.309489795918,199.352040816326,Placed,100500.0
963,Engineering,45.5,43.225,No,187.224081632652,199.266632653061,Not Placed,0.0
964,Finance,45.699999999999996,43.41499999999999,No,187.138673469387,199.181224489795,Placed,209666.66666666666
965,Art,45.9,43.605,No,187.053265306122,199.09581632653,Not Placed,0.0
966,Business,46.099999999999994,43.794999999999995,Yes,186.967857142857,199.010408163265,Placed,100500.0
967,Computer Science,46.3,43.98499999999999,No,186.882448979591,198.924999999999,Placed,169666.66666666666
968,Engineering,46.5,44.175,No,186.797040816326,198.839591836734,Not Placed,0.0
969,Finance,46.699999999999996,44.364999999999995,No,186.711632653061,198.754183673469,Placed,156333.33333333334
970,Art,46.9,44.555,No,186.626224489795,198.668775510204,Not Placed,0.0
971,Business,47.099999999999994,44.74499999999999,No,186.54081632653,198.583367346938,Placed,167666.66666666666
972,Computer Science,47.3,44.934999999999995,No,186.455408163265,198.497959183673,Placed,121000.0
973,Engineering,47.5,45.125,No,186.369999999999,198.412551020408,Not Placed,0.0
974,Finance,47.699999999999996,45.31499999999999,No,186.284591836734,198.327142857142,Placed,162333.33333333334
975,Art,47.9,45.504999999999995,No,186.199183673469,198.241734693877,Not Placed,0.0
976,Business,48.099999999999994,45.69499999999999,Yes,186.113775510203,198.156326530612,Placed,149666.66666666666
977,Computer Science,48.3,45.885,No,186.028367346938,198.070918367346,Placed,159666.66666666666
978,Engineering,48.5,46.074999999999996,No,185.942959183673,197.985510204081,Not Placed,0.0
979,Finance,48.699999999999996,46.26499999999999,No,185.857551020408,197.900102040816,Placed,129000.0
980,Art,48.9,46.455,No,185.772142857142,197.81469387755,Not Placed,0.0
981,Business,49.099999999999994,46.64499999999999,No,185.686734693877,197.729285714285,Placed,91500.0
982,Computer Science,49.3,46.834999999999994,No,185.601326530612,197.64387755102,Placed,100500.0
983,Engineering,49.5,47.025,No,185.515918367346,197.558469387755,Not Placed,0.0
984,Finance,49.699999999999996,47.214999999999996,No,185.430510204081,197.473061224489,Placed,113500.0
985,Art,49.9,47.404999999999994,No,185.345102040816,197.387653061224,Not Placed,0.0
986,Business,50.099999999999994,47.59499999999999,Yes,185.25969387755,197.302244897959,Placed,100500.0
987,Computer Science,50.3,47.785,No,185.174285714285,197.216836734693,Placed,100500.0
988,Engineering,50.5,47.974999999999994,No,185.08887755102,197.131428571428,Not Placed,0.0
989,Finance,50.699999999999996,48.16499999999999,No,185.003469387754,197.046020408163,Placed,100500.0
990,Art,50.9,48.355,No,184.918061224489,196.960612244898,Not Placed,0.0
991,Business,51.099999999999994,48.544999999999995,No,184.832653061224,196.875204081632,Placed,86000.0
992,Computer Science,51.3,48.73499999999999,No,184.747244897959,196.789795918367,Placed,100500.0
993,Engineering,51.5,48.925,No,184.661836734693,196.704387755101,Not Placed,0.0
994,Finance,51.699999999999996,49.114999999999995,No,184.576428571428,196.618979591836,Placed,100500.0
995,Art,51.9,49.305,No,184.491020408163,196.533571428571,Not Placed,0.0
996,Business,52.099999999999994,49.49499999999999,Yes,184.405612244897,196.448163265306,Placed,99500.0
997,Computer Science,52.3,49.684999999999995,No,184.320204081632,196.36275510204,Placed,148000.0
998,Engineering,52.5,49.875,No,184.234795918367,196.277346938775,Not Placed,0.0
999,Finance,52.699999999999996,50.06499999999999,No,184.149387755101,196.19193877551,Placed,82000.0
1000,Art,52.9,50.254999999999995,No,184.063979591836,196.106530612244,Not Placed,0.0
1001,Business,53.099999999999994,50.44499999999999,No,183.978571428571,196.021122448979,Placed,103500.0
1002,Computer Science,53.3,50.635,No,183.893163265305,195.935714285714,Placed,100500.0
1003,Engineering,53.5,50.824999999999996,No,183.80775510204,195.850306122449,Not Placed,0.0
1004,Finance,53.699999999999996,51.01499999999999,No,183.722346938775,195.764897959183,Placed,103500.0
1005,Art,53.9,51.205,No,183.63693877551,195.679489795918,Not Placed,0.0
1006,Business,54.099999999999994,51.39499999999999,Yes,183.551530612244,195.594081632653,Placed,100500.0
1007,Computer Science,54.3,51.584999999999994,No,183.466122448979,195.508673469387,Placed,103500.0
1008,Engineering,54.5,51.775,No,183.380714285714,195.423265306122,Not Placed,0.0
1009,Finance,54.699999999999996,51.964999999999996,No,183.295306122448,195.337857142857,Placed,103000.0
1010,Art,54.9,52.154999999999994,No,183.209897959183,195.252448979591,Not Placed,0.0
1011,Business,55.099999999999994,52.34499999999999,No,183.124489795918,195.167040816326,Placed,165000.0
1012,Computer Science,55.3,52.535,No,183.039081632652,195.081632653061,Placed,124500.0
1013,Engineering,55.5,52.724999999999994,No,182.953673469387,194.996224489795,Not Placed,0.0
1014,Finance,55.699999999999996,52.91499999999999,No,182.868265306122,194.91081632653,Placed,82500.0
1015,Art,55.9,53.105,No,182.782857142856,194.825408163265,Not Placed,0.0
1016,Business,56.099999999999994,53.294999999999995,Yes,182.697448979591,194.739999999999,Placed,100500.0
1017,Computer Science,56.3,53.48499999999999,No,182.612040816326,194.654591836734,Placed,168000.0
1018,Engineering,56.5,53.675,No,182.526632653061,194.569183673469,Not Placed,0.0
1019,Finance,56.699999999999996,53.864999999999995,No,182.441224489795,194.483775510204,Placed,100500.0
1020,Art,56.9,54.05499999999999,No,182.35581632653,194.398367346938,Not Placed,0.0
1021,Business,57.099999999999994,54.24499999999999,No,182.270408163265,194.312959183673,Placed,80000.0
1022,Computer Science,57.3,54.434999999999995,No,182.184999999999,194.227551020408,Placed,100500.0
1023,Engineering,57.5,54.625,No,182.099591836734,194.142142857142,Not Placed,0.0
1024,Finance,57.7,54.815,No,182.014183673469,260.931326530612,Placed,100500.0
1025,Art,57.9,55.004999999999995,No,181.928775510203,193.971326530612,Not Placed,0.0
1026,Business,58.099999999999994,55.19499999999999,Yes,181.843367346938,193.885918367346,Placed,100500.0
1027,Computer Science,58.3,55.385,No,181.757959183673,193.800510204081,Placed,100500.0
1028,Engineering,58.5,55.574999999999996,No,181.672551020407,193.715102040816,Not Placed,0.0
1029,Finance,56.910000000000004,0.0,No,181.587142857142,193.62969387755,Placed,124000.0
1030,Art,56.910000000000004,0.0,No,181.501734693877,260.931326530612,Not Placed,0.0
1031,Business,56.910000000000004,0.0,No,181.416326530612,193.544285714285,Placed,100500.0
1032,Computer Science,35.7,33.915,No,181.330918367346,193.373469387755,Placed,91500.0
1033,Engineering,36.300000000000004,34.485,No,181.245510204081,193.288061224489,Not Placed,0.0
1034,Finance,36.900000000000006,35.05500000000001,No,181.160102040816,193.202653061224,Placed,100500.0
1035,Art,37.5,35.625,No,181.07469387755,193.117244897959,Not Placed,0.0
1036,Business,38.1,36.195,Yes,180.989285714285,193.031836734693,Placed,114500.0
1037,Computer Science,38.7,36.765,No,180.90387755102,192.946428571428,Placed,100500.0
1038,Engineering,39.300000000000004,37.335,No,180.818469387754,410.0,Not Placed,0.0
1039,Finance,39.900000000000006,37.905,No,180.733061224489,119.0,Placed,124000.0
1040,Art,40.5,38.475,No,180.647653061224,334.0,Not Placed,0.0
1041,Business,41.1,39.045,No,180.562244897959,252.0,Placed,78000.0
1042,Computer Science,41.7,39.615,No,180.476836734693,209.0,Placed,100500.0
1043,Engineering,42.300000000000004,40.185,No,180.391428571428,462.0,Not Placed,0.0
1044,Finance,42.900000000000006,40.755,No,180.306020408163,342.0,Placed,100500.0
1045,Art,43.5,41.324999999999996,No,180.220612244897,347.0,Not Placed,0.0
1046,Business,44.1,41.894999999999996,Yes,180.135204081632,313.0,Placed,107000.0
1047,Computer Science,44.7,42.465,No,180.049795918367,232.0,Placed,100500.0
1048,Engineering,45.300000000000004,43.035000000000004,No,179.964387755101,163.0,Not Placed,0.0
1049,Finance,45.900000000000006,43.605000000000004,No,179.878979591836,119.0,Placed,136333.3333333333
1050,Art,46.5,44.175,No,179.793571428571,304.0,Not Placed,0.0
1051,Business,47.1,44.745,No,179.708163265306,211.0,Placed,100500.0
1052,Computer Science,47.7,45.315,No,179.62275510204,286.0,Placed,100500.0
1053,Engineering,48.300000000000004,45.885000000000005,No,179.537346938775,122.0,Not Placed,0.0
1054,Finance,48.900000000000006,46.455000000000005,No,179.45193877551,443.0,Placed,100500.0
1055,Art,49.5,47.025,No,179.366530612244,366.0,Not Placed,0.0
1056,Business,50.1,47.595,Yes,179.281122448979,244.0,Placed,100500.0
1057,Computer Science,50.7,48.165,No,179.195714285714,241.0,Placed,149000.0
1058,Engineering,51.300000000000004,48.735,No,179.110306122448,237.0,Not Placed,0.0
1059,Finance,51.900000000000006,49.305,No,179.024897959183,122.0,Placed,117666.66666666667
1060,Art,52.5,49.875,No,178.939489795918,129.0,Not Placed,0.0
1061,Business,53.1,50.445,No,178.854081632652,236.0,Placed,100500.0
1062,Computer Science,53.7,51.015,No,178.768673469387,251.0,Placed,100500.0
1063,Engineering,54.3,51.584999999999994,No,178.683265306122,283.0,Not Placed,0.0
1064,Finance,54.900000000000006,52.155,No,178.597857142856,225.0,Placed,225666.66666666666
1065,Art,55.5,52.724999999999994,No,178.512448979591,102.0,Not Placed,0.0
1066,Business,56.1,53.295,Yes,178.427040816326,180.0,Placed,214333.33333333334
1067,Computer Science,56.7,53.865,No,178.341632653061,247.0,Placed,100500.0
1068,Engineering,57.3,54.434999999999995,No,178.256224489795,343.0,Not Placed,0.0
1069,Finance,57.900000000000006,55.005,No,178.17081632653,283.0,Placed,100500.0
1070,Art,58.5,55.574999999999996,No,178.085408163265,253.0,Not Placed,0.0
1071,Business,59.1,56.144999999999996,No,177.999999999999,263.0,Placed,100500.0
1072,Computer Science,59.7,56.715,No,177.914591836734,291.0,Placed,291000.0
1073,Engineering,60.3,57.285,No,177.829183673469,368.0,Not Placed,0.0
1074,Finance,60.900000000000006,57.855000000000004,No,177.743775510203,206.0,Placed,470333.3333333333
1075,Art,61.5,58.425,No,177.658367346938,231.0,Not Placed,0.0
1076,Business,62.1,58.995,Yes,177.572959183673,389.0,Placed,155000.0
1077,Computer Science,62.7,59.565,No,177.487551020407,396.0,Placed,149666.66666666666
1078,Engineering,63.3,60.135,No,177.402142857142,339.0,Not Placed,0.0
1079,Finance,63.900000000000006,60.705000000000005,No,177.316734693877,286.0,Placed,155000.0
1080,Art,64.5,61.275,No,177.231326530612,146.0,Not Placed,0.0
1081,Business,65.1,61.84499999999999,No,177.145918367346,315.0,Placed,183000.0
1082,Computer Science,65.7,62.415,No,177.060510204081,183.0,Placed,155000.0
1083,Engineering,66.3,62.98499999999999,No,176.975102040816,481.0,Not Placed,0.0
1084,Finance,66.9,63.555,No,176.88969387755,349.0,Placed,141000.0
1085,Art,67.5,64.125,No,176.804285714285,225.0,Not Placed,0.0
1086,Business,68.1,64.695,Yes,176.71887755102,217.0,Placed,241000.0
1087,Computer Science,68.7,65.265,No,176.633469387754,353.0,Placed,145000.0
1088,Engineering,69.30000000000001,65.83500000000001,No,176.548061224489,314.0,Not Placed,0.0
1089,Finance,69.9,66.405,No,176.462653061224,247.0,Placed,100500.0
1090,Art,70.5,66.975,No,176.377244897958,410.0,Not Placed,0.0
1091,Business,71.1,67.54499999999999,No,176.291836734693,395.0,Placed,100500.0
1092,Computer Science,71.7,68.115,No,176.206428571428,416.0,Placed,183000.0
1093,Engineering,72.30000000000001,68.685,No,176.121020408163,342.0,Not Placed,0.0
1094,Finance,72.9,69.255,No,176.035612244897,446.0,Placed,149000.0
1095,Art,73.5,69.825,No,175.950204081632,477.0,Not Placed,0.0
1096,Business,74.1,70.395,Yes,175.864795918367,444.0,Placed,100500.0
1097,Computer Science,74.7,70.965,No,175.779387755101,351.0,Placed,100500.0
1098,Engineering,75.30000000000001,71.53500000000001,No,175.693979591836,165.0,Not Placed,0.0
1099,Finance,75.9,72.105,No,175.608571428571,317.0,Placed,100500.0
1100,Art,76.5,72.675,No,175.523163265305,250.0,Not Placed,0.0
1101,Business,77.1,73.24499999999999,No,175.43775510204,217.0,Placed,139000.0
1102,Computer Science,77.7,73.815,No,175.352346938775,138.0,Placed,209666.66666666666
1103,Engineering,78.30000000000001,74.385,No,175.26693877551,302.0,Not Placed,0.0
1104,Finance,78.9,74.955,No,175.181530612244,311.0,Placed,100500.0
1105,Art,79.5,75.52499999999999,No,175.096122448979,373.0,Not Placed,0.0
1106,Business,80.1,76.09499999999998,Yes,175.010714285714,196.0,Placed,100500.0
1107,Computer Science,80.7,76.66499999999999,No,174.925306122448,306.0,Placed,156333.33333333334
1108,Engineering,81.30000000000001,77.23500000000001,No,174.839897959183,302.0,Not Placed,0.0
1109,Finance,81.9,77.805,No,174.754489795918,278.0,Placed,167666.66666666666
1110,Art,82.5,78.375,No,174.669081632652,429.0,Not Placed,0.0
1111,Business,83.1,78.945,No,174.583673469387,338.0,Placed,100500.0
1112,Computer Science,83.7,79.515,No,174.498265306122,261.0,Placed,162333.33333333334
1113,Engineering,84.30000000000001,80.08500000000001,No,174.412857142856,256.0,Not Placed,0.0
1114,Finance,84.9,80.655,No,174.327448979591,183.0,Placed,149666.66666666666
1115,Art,85.5,81.225,No,174.242040816326,274.0,Not Placed,0.0
1116,Business,86.1,81.79499999999999,Yes,174.156632653061,182.0,Placed,100500.0
1117,Computer Science,86.7,82.365,No,174.071224489795,183.0,Placed,129000.0
1118,Engineering,87.30000000000001,82.935,No,173.98581632653,309.0,Not Placed,0.0
1119,Finance,87.9,83.505,No,173.900408163265,178.0,Placed,91500.0
1120,Art,88.5,84.075,No,173.814999999999,458.0,Not Placed,0.0
1121,Business,89.1,84.645,No,173.729591836734,234.0,Placed,100500.0
1122,Computer Science,89.7,85.215,No,173.644183673469,306.0,Placed,113500.0
1123,Engineering,90.30000000000001,85.78500000000001,No,173.558775510203,400.0,Not Placed,0.0
1124,Finance,90.9,86.355,No,173.473367346938,260.931326530612,Placed,100500.0
1125,Art,91.5,86.925,No,173.387959183673,260.931326530612,Not Placed,0.0
1126,Business,92.1,87.49499999999999,Yes,173.302551020407,260.931326530612,Placed,99000.0
1127,Computer Science,92.7,88.065,No,173.217142857142,234.0,Placed,100500.0
1128,Engineering,93.3,88.63499999999999,No,173.131734693877,236.9,Not Placed,0.0
1129,Finance,93.9,89.205,No,173.046326530612,239.8,Placed,86000.0
1130,Art,94.5,89.77499999999999,No,172.960918367346,242.7,Not Placed,0.0
1131,Business,95.1,90.34499999999998,No,172.875510204081,245.6,Placed,100500.0
1132,Computer Science,95.7,90.91499999999999,No,172.790102040816,248.5,Placed,100500.0
1133,Engineering,96.3,91.485,No,172.70469387755,251.4,Not Placed,0.0
1134,Finance,96.9,92.055,No,172.619285714285,254.3,Placed,99500.0
1135,Art,97.5,92.625,No,172.53387755102,257.2,Not Placed,0.0
1136,Business,98.1,93.195,Yes,172.448469387754,260.1,Placed,100500.0
1137,Computer Science,98.7,93.765,No,172.363061224489,263.0,Placed,82000.0
1138,Engineering,99.3,94.335,No,172.277653061224,265.9,Not Placed,0.0
1139,Finance,99.9,94.905,No,172.192244897958,268.8,Placed,103500.0
1140,Art,15.7,14.915,No,172.106836734693,271.7,Not Placed,0.0
1141,Business,16.0,15.2,No,172.021428571428,274.6,Placed,205500.0
1142,Computer Science,16.3,15.485,No,171.936020408163,277.5,Placed,103500.0
1143,Engineering,16.599999999999998,15.769999999999998,No,171.850612244897,280.4,Not Placed,0.0
1144,Finance,16.9,16.054999999999996,No,171.765204081632,283.3,Placed,100500.0
1145,Art,17.2,16.34,No,171.679795918367,286.2,Not Placed,0.0
1146,Business,17.5,16.625,Yes,171.594387755101,289.1,Placed,99500.0
1147,Computer Science,17.8,16.91,No,171.508979591836,292.0,Placed,103000.0
1148,Engineering,18.099999999999998,17.194999999999997,No,171.423571428571,294.9,Not Placed,0.0
1149,Finance,18.4,17.479999999999997,No,171.338163265305,297.8,Placed,165000.0
1150,Art,18.7,17.764999999999997,No,171.25275510204,300.7,Not Placed,0.0
1151,Business,19.0,18.05,No,171.167346938775,303.6,Placed,103500.0
1152,Computer Science,19.299999999999997,18.334999999999997,No,171.08193877551,306.5,Placed,82500.0
1153,Engineering,19.599999999999998,18.619999999999997,No,170.996530612244,309.4,Not Placed,0.0
1154,Finance,19.9,18.904999999999998,No,170.911122448979,312.3,Placed,100500.0
1155,Art,20.2,19.189999999999998,No,170.825714285714,315.2,Not Placed,0.0
1156,Business,20.5,19.474999999999998,Yes,170.740306122448,318.1,Placed,96000.0
1157,Computer Science,20.799999999999997,19.759999999999998,No,170.654897959183,321.0,Placed,100500.0
1158,Engineering,21.099999999999998,20.044999999999998,No,170.569489795918,323.9,Not Placed,0.0
1159,Finance,21.4,20.33,No,170.484081632652,326.8,Placed,80000.0
1160,Art,21.7,20.615,No,170.398673469387,329.7,Not Placed,0.0
1161,Business,22.0,20.9,No,170.313265306122,332.6,Placed,124500.0
1162,Computer Science,22.299999999999997,21.184999999999995,No,170.227857142856,335.5,Placed,100500.0
1163,Engineering,22.599999999999998,21.469999999999995,No,170.142448979591,338.4,Not Placed,0.0
1164,Finance,22.9,21.755,No,170.057040816326,311.0,Placed,100500.0
1165,Art,23.2,22.04,No,169.971632653061,314.1,Not Placed,0.0
1166,Business,23.5,22.325,Yes,169.886224489795,317.2,Placed,100500.0
1167,Computer Science,23.799999999999997,22.609999999999996,No,169.80081632653,320.3,Placed,124000.0
1168,Engineering,24.1,22.895,No,169.715408163265,323.4,Not Placed,0.0
1169,Finance,24.4,23.179999999999996,No,169.629999999999,326.5,Placed,100500.0
1170,Art,24.7,23.465,No,169.544591836734,329.6,Not Placed,0.0
1171,Business,25.0,23.75,No,169.459183673469,332.7,Placed,144500.0
1172,Computer Science,25.299999999999997,24.034999999999997,No,169.373775510203,335.8,Placed,100500.0
1173,Engineering,25.6,24.32,No,169.288367346938,338.9,Not Placed,0.0
1174,Finance,25.9,24.604999999999997,No,169.202959183673,342.0,Placed,114500.0
1175,Art,26.2,24.889999999999997,No,169.117551020407,345.1,Not Placed,0.0
1176,Business,26.5,25.174999999999997,Yes,169.032142857142,348.2,Placed,104500.0
1177,Computer Science,26.799999999999997,25.459999999999997,No,168.946734693877,351.3,Placed,124000.0
1178,Engineering,27.1,25.745,No,168.861326530612,354.4,Not Placed,0.0
1179,Finance,27.4,26.029999999999998,No,168.775918367346,357.5,Placed,78000.0
1180,Art,27.7,26.314999999999998,No,168.690510204081,360.6,Not Placed,0.0
1181,Business,28.0,26.599999999999998,No,168.605102040816,363.7,Placed,109000.0
1182,Computer Science,28.299999999999997,26.884999999999994,No,168.51969387755,366.8,Placed,100500.0
1183,Engineering,28.6,27.17,No,168.434285714285,369.9,Not Placed,0.0
1184,Finance,28.9,27.455,No,168.34887755102,373.0,Placed,107000.0
1185,Art,29.2,27.74,No,168.263469387754,376.1,Not Placed,0.0
1186,Business,29.5,28.025,Yes,168.178061224489,379.2,Placed,84000.0
1187,Computer Science,29.799999999999997,28.309999999999995,No,168.092653061224,382.3,Placed,136333.3333333333
1188,Engineering,30.099999999999998,28.594999999999995,No,168.007244897959,385.4,Not Placed,0.0
1189,Finance,30.4,28.88,No,167.921836734693,388.5,Placed,100500.0
1190,Art,30.7,29.165,No,167.836428571428,391.6,Not Placed,0.0
1191,Business,31.0,29.45,No,167.751020408163,394.7,Placed,168333.33333333334
1192,Computer Science,31.299999999999997,29.734999999999996,No,167.665612244897,397.8,Placed,100500.0
1193,Engineering,31.599999999999998,30.019999999999996,No,167.580204081632,400.9,Not Placed,0.0
1194,Finance,31.9,30.304999999999996,No,167.494795918367,404.0,Placed,100500.0
1195,Art,32.2,30.59,No,167.409387755101,407.1,Not Placed,0.0
1196,Business,32.5,30.875,Yes,167.323979591836,410.2,Placed,100500.0
1197,Computer Science,32.8,31.159999999999997,No,167.238571428571,413.3,Placed,117666.66666666667
1198,Engineering,33.1,31.445,No,167.153163265305,416.4,Not Placed,0.0
1199,Finance,33.4,31.729999999999997,No,167.06775510204,419.5,Placed,100500.0
1200,Art,56.910000000000004,0.0,No,166.982346938775,422.6,Not Placed,0.0
